foto,arquivo,sala,caixas,controles,periodos,classificacao,tipoDocumento,confiancaMedia,textoResumo
"IMG_8198","IMG_8198.jpg","A classificar","","","","","","0.771","aE | FROTOCOLO | LuVROS | (GAB/ITEY) | DE"
"IMG_8199","IMG_8199.jpg","Sala do IML","","","2010; 2012; 2010-2018; 2014; 2011-2012","","Livros","0.836","9 | IML | iML | A | 11554 | 1553 | JJ534 | Arquivo | LIVROS | Prático | 三 | Arquivo | CAAN | Prátice | 11 | 2010 | Arquio | Prático | ANAA OENTPNA | pD07 | CMaAN | 15 | 2012 | 12O07 | 28 | 2010-2018 | Arquivo | 18 | Arquivo | Prfics | 2014 | 14 | 2011-2012"
"IMG_8200","IMG_8200.jpg","A classificar","","","","","","0.844","2121 | 24 | 30 | 51"
"IMG_8201","IMG_8201.jpg","Sala do IML","15","","2000; 2018; 2019; DE 2020; 2021","","Guias de requisicoes","0.886","ANO | MÊS | ANO | CAiKA | refarència | 2000 | local | data | contém; | GUIAS DE | GUIAS DE | REQUISIÇÕES | REQUISIÇÕES | BOX | BOX | 2018 | 2018 | arquivo | Aialat | Arquivo | Arquivo | Fácil | Data | NavaOndn | Polibran | lovaOnda | GUIAS DE | GUIAS DE | GUIAS DE | GUIAS DE | REQUISIÇÕES GUIAS DE | GUIAS DE | REQUISIÇÕES | REQUISIÇÕES | REQUISIÇÕES | 2019 | REQUISIÇÕES | REQUISIÇÕES | DE 2020 | DE 2020 | 2018 | 2019 | 2019 | referência | releréncia | referéncia | local | REQUISIÇÕES | REQUISIÇÕES | REQUISIÇÕES | 2021 | 2021 | GUIAS DE | 2021 | ÁGUA | CENTRAIS | REQUISIÇÕES | IC | CAFÉ | 1I | DE 2020 | IML | REGIONAIS | ADM | arqulvo | NDplat | arquivo | Rplat | argulvo | eplast | polycart | pello. | nfopuagwo | EE07 | OIDD1TX Wa | ARQUIVD GERAL | ontém | oavIAVXoNTy | oa SaooiSInoaa | Data"
"IMG_8202","IMG_8202.jpg","Sala do IML","15","100.015","2021; DE 2020; 2021 A 2023.","Medicina legal","","0.92","2021 | CENTRAIS | 2021 | GUIAS DE | ÁGUA | IC | II | REQUISIÇÕES | CAFÉ | IML | ADM | DE 2020 | REGIONAIS | arquivo | Aaplast | arquivo | Aaplast | arquivo | Aaplast | :ontém | .acal | teferância | ARQUIVO GERAL | CE A - MODELO DE ETIQUETA PARA SINALIZAÇÃO DE CADKA | ARQUIVO | Data | Contaúdo: | ISTITUTO TÉCNICO-CIENTIFICO DE PERICIA DO | RIO GRANDE DO NORTE | TUTDREGIONALSETOR | INSTTUTO DE MEDICINA LEGAL | CLASSIFICAÇÃO | PERIGIA PSICOLOGICA | TIPO DE DOCUMIENTO | DO AL MOXARIFADO. | RQUIVAMENTO DE REGUISICGES | polycart | CAIXAN° | 15 | N° DE CONTROLE | 100.015 | ARQuvo Dello. | ANO /PERÍODO | 2021A2023."
"IMG_8203","IMG_8203.jpg","A classificar","5; 1; 2; 3; 4; 6; 11; 8","100.005; 100.002; 100.006; 100.001; 100.003; 100.004; 100.007; 100.010","2020(201 A 250); 2020(51 A 100); 2021(01 A 100); 2020(01 A 50); 2020(101 A 150); 2020(151 A 200); 2021(301 A 336); 2021(101 A 200)","Pericia psicologica","Laudos periciais","0.89","2 | 2 | ARQUIVD GERAL | ARQUIVO GERAL | Mo10 DE | ARGunvO | RIO GRANDE DO NORTE | u0 | RIO GRANDE DO NORTE | NSTITUTO TÉCNICO-CIENTIFICO DE PERICIA DO | JREOCAAL/ETOR | INSTTTUTO CE MEDIC | RIO GRANDE DO NORT: | RIO GRANDE DO NORTE | HEGACAALSETDR | RIO GRANDE DO NORTE | RIO GRANDE DO NORTE | INSTUTO.DE MEDICNA LEGAL | CAssPcAÇÃO | PERICIA PSICOLOGICA | ssFcacin | TYTUTOREGIONAL/SETOR | NSTITUTO DE MEOICINA LEGA | TVnORROCAA/SETOR | 3 DE DOOUMENTO | CLASSIFICAÇÃD | PERICIA PSICOLOGICA | CLAssPCAÇÃO | o OE DOcuMENTo | CLA35 | CLAssnCACÃO | PEaicIA PsucOLÓICA | CAIXA N° | 5 | TIPO DE DOCuMENTO | LAUDOS | CAIXA N° | TIPO DE DOCUMENTo | LAUDOS PET | TPO DE DOCuAENTO | CAIXA N° | CAIXA N° | 1 | 2 | CAIXA N° | 3 | CAIXA N° | 4 | N° DE CONTROLE | 6 | 100.005 | N° DE CONTROLE | N° DE CONTROLE | N° DE CONTROLE | 100.002 | N° DE CONTROLE | N° DE CONTROLE | ANOIPERIO0O | 2020(201a250) | 100.006 | 100.001 | 100.003 | 100.004 | ANO/PERIOGO | 2020(51a100) | cERVAÇAO | 2021(01a100) | ANO/PERO0O | 2020(01 a50) | ANO/PERiO0O | 2020(101a150) | AMD/ PERÍODO | 2020(151a200) | OBSERVAÇÃO | cescRvaÇAO | O1d | OBSERVAÇAo | 08SERvAÇÃD | OBSERVaÇÃO | ITEP"
"IMG_8204","IMG_8204.jpg","A classificar","24; 20; 19; 28; 29; 30; 27; 26","100.024; 100.021; 100.022; 100.023; 100.020; 100.019; 100.028; 100.029","2014-2018; 2022; 2021 A 2023.; 2023(201 A 249; 2023(150 A 200); 2023(62 A 99); 2023(100 A 149); 2023(01 A 51)","Pericia psicologica","Laudos periciais","0.872","2014-2018 | ANO/PERODO | 2022 | AND/PERIO0O | 2021A 2023. | 4o | ofsico. | OBSERVAÇÃo | 0 | ARQUVD GERAL | ARQUIVO GERAL | ARQUIVO GERAL | ARQUIV GERAL | ARQUVO | ARQUIVO GERAL | ARQUNO GERAL | ICE A- MODELD DE ETIQUETA PARA SHNALZAÇÃO DE CA | AROUIVO | ICE A= MODELO DE ETIQUETA PARA SINALIEAÇÃO DE CAIKA | ARQUIVO | -MOOELO DE ETIQUETA PARA SINALIEAÇÃO DE CAGA | ARQUVO | NDICE A- MOOELO DE ETIQUETA PARA SINALZAÇÃO DE CAA | HNOICE A -MOOELO DE ETIOUETAPARA SINALIZAÇÃO DECADXA | ARQUNO | AROUVD | INSTITUTO TÉCNICO-CIENTIFICO DE PERICIA D | RIO GRANDE DO NORTE | STT/TOREGIOAALAETOR | INSTTUTO DE MEDE | ICINA LEGAL | NSTITUTO TÉCNICO-CIENTIFICO DE PERICIA DO | RIO GRANDE DO NORTE | NSTITUTO TÉCNICO-CIENTÍFICO DE PERÍCIA DO | NSTITUTO TÉCNICO-CIENTIFICO DE PERÍCIA DO | CLASSIFICAÇÃO | PERICIA PSICOLÓGICA | RIO GRANDE DO NORTE | RIO GRANDE DO NORTE | INSTITUTO TÉCNICO-CIENTiFICO DE PERICIA DO | TOREGCALSETOR | INSTTUTO DE MEDICINA LEGAL | TIPO DE DOCUMENTO | LAUDOS PERIGIAIS | NSTITUTO TÉCNICO-CIENTIFICO DE PERICIA DO | RIO GRANDE DO NORTE | CLAsSFCAÇÃO | PERICIA PICOLORCA | mVTORNOONALSETOR NTITVTO DE MEO | PERiCA PSicOLOGIc | CAIXAN | 24 | RIO GRANDE DO NORTE | MSTORMGOAALAETOR INSTTUTO DE MEDICINA LEGAL | CLASsFICAÇÃO | PERCIA PSICOLOGICA | CLASsnCAÇÃO | NNTITUTO DE MECICNA LEGAL | CLASSFICAÇÃO | PERCIA PSCOLÓGICA | PO DE DOCUMENTO | LAUDOS PERICIAIS | 21 | TPO DE DOCUMENTO | LAUDOS PERCAIS | 22 | TPO DE DOCUMENTO | 23 | N'DE CONTROLE | CLASSFICAÇÃO | TPO DE DOCUMENTO | LAUDOS PERCIAIS | CAIXA N° | CAIXAN° | CAIXA N° | 100.024 | TIPO DE DOCUMENTO | LAUDOS PERICIANS | CAIXA N° | 20"
"IMG_8205","IMG_8205.jpg","A classificar","2; 3; 4; 6; 1; 2010; 5; 7","","2003-2004; 2010; 2011-2013; 2006-2007; 2013; 2008; 1999 Á2015; 2008-2009","Direcao geral","Portarias","0.901","POLICIA CIENTÍFICA | POLICIA CIENTIFICA | DO RIO GRANDE DO NORTE | POLICIA CIENTIFICA | POLICIA CIENTIFICA | POLICIA CIENTÍFICA | DO RIO GRANDE DO NORTE | DO RIO GRANDE DO NORTE | POLICIA CIENTIFICA | SETOe | DREÇAOGERA IGARNETE) | DO RIO GRANDE DO NORTE | DO RIO GRANDE DO NORTE | DREÇAO GERA | SETOR | RiChOCERAL | DO RIO GRANDE DO NORTE | MEMORANDOS | TOR | SETOR | DREÇAOGERAL | RECBOS | ETOR | DREein | HEP | sETOR | DRECAO.GERAL | DODENTo | CLATnae | ENTO | 5RECEBDOSL | DOCUMENTOS DVERSOS | DE | ENTC | ENI CS DVERSOS | REBELIAO DE ACACUZ | Coce tPeOSE | CEATOEns | CAIXA N° | CAIXA N° | CAIXAN° | DEMONSTRANDDE RECEITA | CERTFICADO | 2 | 3 | 4 | CAIXA N° | CAIXA N° | CAIXA N° | 机AO 0E ENINO 2218 | 6 | 1 | 2003-2004 | 2010 | 2011-2013 | 5 | ANOPEkioD0 | 2006-2007 | 2013 | WOPERIcDO | ANOPERIODO | 2008 | ANOPERIc00 | 1999 Á2015 | 2008-2009 | ANOPERCOO | 2010-2018 | Arquivo | Arquivo | Aaglast | Arquivo | Arqutvo | Prárico | Alaplest | rqutvo | Pritico | Aiaplast | Prático | Pritico | Alaplast"
"IMG_8206","IMG_8206.jpg","A classificar","24; 22; 21; 2015; 19; 20; 2014; 23","100.037","2015; 2014; 2016; 2017; 2025(234 A 433)","Direcao geral","Portarias","0.859","Arquivo | Arquivo | APqn | Arquivo | Alaplans | Prático | Prdtico | Práico | Arquivo | Alaplass | Arquivo | Aleoltst | Prático | Prático | Prático | DNAO | E2.93 | Referáncla | Retertncl | Raforin | Raferáncls | POLÍCIA CIENTÍFICA | POLÍCIA CIENTÍFICA | POLICIA CIENTÍFICA | DO RIO GRANDE DO NORTE | POLICIA CIENTÍFICA | POLICIA CIENTÍFICA | POLICIA CIENTÍFICA | DO RIO GRANDE DO NORTE | DO RIO GRANDE DO NORTE | SETOR | DIREÇÃOGERAL | DO RIO GRANDE DO NORTE | DO RIO GRANDE DO NORTE | DO RIO GRANDE DO NORTE | DREÇÃOGERAL | sETOR | DIREÇAO GERA | SETOR | CONVITEs; | OFiCIOS EXPEDDOS (271A 77) | DRECAOGERAL | SETOR | DIREÇAO GERAL | SETOR | DIREÇÃOGERAL | SETOR | oriCIOS EXIPEDIDOS (001 A 270 | OFicIOS RECEBD0s | DVERSOS: | CAIXA N° | OFicos EPEDDOs | TPODE | GULA DE TRAMITAÇÃO | DOCUMENTO | CAIXA N° | ESCALAS DE PLANTÃO, | 24 | DOCUNENTO | DOCUNENTo | (REMETENTEEDESTINATARIO | CAIXA N° | GESTAO | DHELA TANERA) | CAIXAN° | 22 | PORTARIAS | CAIXA N° | 21 | CONTRATOS E | ANOPERIODO | 2015 | 19 | 20 | 2015 | ANOPEROO | 2015 | CAIXA N° | 2014 | 2014"
"IMG_8207","IMG_8207.jpg","A classificar","38; 2017; 40; 41; 2018; 42; 45; 2019","","2017; 2018; 2019; 2020; 2022; 2023; 2021; 2024","","","0.849","NanEIUIBY | 2 | POLICA | DO RIO.C | POLICtA CIENTIFICA | DO RIO GRANDE DO NORTE | POLICIA CIENTÍFICA | rtee | aPCADSERA | DO RIO GRANDE DO NORTE | POLICIA CIENTÍFICA | POLICIA CIENTIFICA | DO RIO GRANDE DO NORTE | POLICIA CIENTIFICA | 2o-ne | OriCIOs ERTEOs pet A 36a | sETOR | DREÇAOOERAL | DO RIO GRANDE DO NORTE | CA | oricos EMreoa (at7. 361A | DO RIO GRANDE DO NORTE | CAIXAN° | sETOR | DREÇkOCERAL | HToa | DREÇAO-CERAN | DOeENTo | PROCE5S08 ARGUVADOS | SETOR | CAIXA N° | oricOs RECEBDot | DRECAOSERAL | 38 | ocDENTO | ORANDOS RECEBDON | Avopetcoo | 2017 | 39 | CAIXA N° | CAIXA N° | 40 | 41 | ORANDO6 EMIT EOA | ANOPERio0 | 2018 | 2018 | CAIXA N° | 9O1 RECE95 | 2018 | ANOPEA00O | 2018 | 42 | golyeart | gOlycarl | Dolycart | ANGPERicDc | 2018 | Arquivo | Arquivo | aco | POLÍCIA CIENTÍFICA | DO RIO GRANDE DO NORTE | POLFIA CIENTÍFICA | SETOR | REÇÃO.GERAL | DO RIO GRANDE DO NORTE | C | POLICIA CIENTIFICA | POLICIA CIENTÍFICA | POLICIA CIENTIFICA | DuARD OFCAL | POLÍCIA CIENTÍFICA | sETOR | DREÇAOSERA | DO RIO GRANDE DO NORTE | DO RIO GRANDE DO NORTE | DOLETMADM; | METOR | DREÇÃO GERAL"
"IMG_8208","IMG_8208.jpg","Sala do IML","3; 4; 5; 2","","","Medicina legal","Livros","0.964","FOR INSTITUTIDNAL SALE | T8432326924 | LIVROS | DE | Referênela | PROTOCOLO | Local | Referéncia | (GAB/ITEP) | INSTITUTO TÉCNICO-CIENTÍFICO DE | PERICIA DO RIO GRANDE DO NORTE | ARGUIYO | INSTITUTO TÉCNICO-CIENTÍFICO DE | INSTITUTO/SETOR | INSTITUTO MÉDICO LEGAL | PERÍCIA DO RIO GRANDE DO NORTE | CLASSIFICAÇÃO | CACXA | INSTITUTO/SETOR | INSTITUTO MÉDICO LEGAL | CLASSIFICAÇÃO | TIPO DE | MEDICINA LEGAL | LVROS (NORMAS, LEGISLAÇÃO) | TIPO DE | CAIXA N° | LIVROS (NORMAS, LEGISLAÇÃO) | 3 | DOCUMENTO | COHTEM: | MES | CAIXA N° | 4 | Ragert | DONeart | conten | Data | Local | Referência | SECRETARIA DE SEGURANÇA PÚBLICA | CLIENTE: APE | INSTITUTO TÉCNICO-CIENTÍFICO DE PERÍCIA | ARQUIVO PÚBLICO | RIO GRANDE DO NORTE | 5.3.3.3.0.1.122 | INSTITUTOIREGIONA/SETOR | NÚCLEO DE GESTÃO DE PESSO | INSTITUTO TÉCNICO-CIENTÍFICO DE | NUGEP | PERICIA DO RIO GRANDE DO NORTE | CLASSIFICAÇÃO | PASTA DE SERVIDORES E FICHA | INSTITUTO MEDICO LEGAL | CADASTRAIS | INSTITUTOISETOR | CLASSIFICAÇÃO | TIPO DE DOCUMENTO | TEMPO DE SERVICO E AVERBAC | PROCESSOS DE AVERBAÇÃO DE | MEDICINA LEGAL | DE LICENÇA-PRÉMIO E FICHAS | TIPO DE | LIVROS (NORMAS, LEGISLAÇÃO) | CAIXA N° | CADASTRAIS | DOCUMENTO | 5 | CAIXA N° | 2 | N° DE CONTROLE | ANOIPERIOOO | OBSERVAÇÃO | Diversos"
"IMG_8209","IMG_8209.jpg","Sala do IML","6; 2; 1; 3; 4; 5; 1981; 1970","","1981; 1970; 1959; 1971; 1977; 1978; 1963; 1972","Medicina legal","","0.843","g | INSTITUTO TÉCNI-O-CIENTÍFICO DE | NSTITUTO TÉCNICO-CIENTIFICO DE | PERICIA DO RNO GRANDE DO NORTE | INSTITUTO TÉCNICO-CIENTIFICO DE | PERICIA DO RO GRANDE DO NORTE | PERICIA DO RIO GRANDE DO NORTE | PERICIA DO RIO GRANDE DO NORTE | INSTITUTO TÉCNICO-CIENTIFICO DE | mnosrToe | PERICIA DO RIO ORANLE DO NORTE | PERICIA DO RIO GRANDE DO NORTE | asTn/T9 MtOICO LEGAL | co | aSm/noMTOn NITTVTO MEDICO LEOAL | CLASSPICAÇÃO | CINA LEGAL | aSnrUFO9E10R | NsnTVTOETOR | NaTITVTO MEDIcO LEGAL | CLASSPICAÇÃO | NTITUTO MEDICO LEGAL | mm0810R | NSTTy/TO MEOICO LEGA | ASSFCAÇAO | MEOICINA LEGAL | CLASSPICAÇÃO | MEDICINA LEGAL | DocDSENTO | CLASSFICAÇÃO | DICINA LEGAL | MA LEGA | OO bE EAMES DE CORPO DE | CLAssnCAÇÃO | CNALEAAL | BoouENTo | DOO MENTo | AUDo DE EXAMEs DE CORPO DE | CAIXA N° | DOcDENTo | BooENTo | CAIXA N° | CAIXA N° | 6 | CAIXAN° | 2 | 1 | CAIXA N° | 3 | 4 | CAIXAN | 5 | AMO/PERi000 | 1981 | ANO/PERGODO | 1970 | 1959 | 1971 | ANO/PERIOoc | 1977 | ANO/PERio00 | 1978 | AND/PERODO | 1963 | ANO/PERI000 | 1972 | 2-064 | 1973 | RaINGart | RRLyGart | irgztso | R | 8 | INSTITUTO TÉCNICO-CIENTiFICO DE | INSTITUTO TÉCNICO-CIENTIFICO DE | INSTITUTO TÉCNICO-CIENTIFICO DE | PERICIA DO RIO GRANDE DO NORTE | PERICIA DO RIO GRANDE DO NORTE | INSTITUTO TÉCNICO-CIENTÍFICO DE | INSTITUTO TÉCNICO-CIENTIFICO DE"
"IMG_8211","IMG_8211.jpg","Sala do IML","5; 6; 8; 1984; 2021; 26; 2023","","1984; 2021; 2022; 2016; 2011; 2023; 2009.; 2007,2009","Medicina legal","","0.913","IML | Contém | Data | Local | Referência | INSTITUTO TÉCNICO-CIENTÍFICO DE | INSTITUTO TÉCNICO-CIENTÍFICO DE | TITUTO TÉCNICO-CVENTIFICO DE | INSTITUTO TÉCNICO-CIENTÍFICO DE | PERICIA DO RIO GRANDE DO NORTE | PERICIA DO RIO GRANDE DO NORTE | ICIA DO RIO GRANDE DO NORTE | PERICIA DO RIO GRANDE DO NORTE | STITUTO/SETOR | INSTITUTO MÉDICD LEGAL | STTUTO/SETOR | INSTITUTO MÉDIcO LEOAL | SETOR | INSTITUTO DE MEDICINA LEGAL | STITUTOISETOR INSTITUTO DE MEDICINA LEGAL | CLASSIFICAÇÃO | CLASSFICAÇÃO | MEDICINA LEGAL | MEDICINA LEGAL | AÇAO | PSUONHATRIA | CLASSFICAÇÃO | PSIQULATRIA | o DE | PO DE | OCUMENTO | LAUDO DE LESÁO CORPORAL | JMENTO | MOOS | DELITOE LESAO | C | UMENTO | MUDOS | CAIXA N° | CAIXA N° | A NS | 5 | 6 | CAIXA N° | 8 | ANO/ PERIODO | 1984 | N° | N | 2021 | 11558 | 11559 | AND/ PERIODO | 2022 | INSTITUTO TÉCNICO-CIENTÍFICO DE | ANDIPENCGO | PERICIA DO RIO GRANDE DO NORTE | 2016 | ANDI PERÍODO | 2011 | 2023 | INSTITUTO | INSTITUTO DE MEDICINA LEGAL | SETOR | CLASSIFICAÇÁO | CAECA NP 18623 | Aiaglast | Arguivo | ulvo | G-CVENTiWICO DE | CAIXAN | 2009. | 2007,2009 | CAIXA | 26 | ANO | 2023 | B-520-P6 | Argaivo"
"IMG_8212","IMG_8212.jpg","Sala do IML","02; 01; 03; 05; 06; 04; 08; 07","","273/2018, 3824/2019, 18543/2022.; 2023; NUMER A ÇÃO:18694 À 20251","Arquivo Geral","","0.882","PSTIA | KTE | ANDE DO NORTE | 0 | 01 | 04 | 26 | N*DE CONTROLE | 03 | N"" DE CONTROLE | N° DE CONTROLE | N* DE cONT | Arquivo | Arguuvo | Prático | Prai | 8 | Refarenola | NOGTMe | 07 | 08 | 5 | N"" DE CONTROLE | 0e | N+ DE CONTROLE | MN | LMai n | Ne DE CONTROLE | 11 | HLEH | jLLLET | 12 | N* DE CONTROLE | Arquivo | Aiaplast | Arqutvo | Rtatico | Prático | Ainptast | Argurvo | Alaplast | MnvO | Arquivo | Prático | Prático | ARTOMIO IML | eferincia: | INSTITUTO TÉCNICO-CIENTÍFICO DE | INSTITUTO TÉCNICO-CIENTÍFICO DE | PERICIA DO RIO GRANDE DO NORTE | PERICIA DO RIO GRANDE DO NORTE | INSTITUTO TÉCNICO-CIENTÍFICO DE | PERICIA DO RIO GRANDE DO NORTE | INSTITUTO | CARTORO ML | NSTITUTO | CARTÓRIO IML | snTuTo | SETOR DE ARGUIVD GERAL (SAG) | CARTÓRIO IML | SETOR | SETOR DE ARQUIVD GERAL (SAG | SETOR | CLASSFICAÇÃO ATESTADOS DE ABRL PARTE H | SETOR DE AROUIVD GERALISAG) | CLASSFICAÇÃO | ATESTACOS DE ABRIL PARTEI | CLASSIFICAÇÃO | ATESTADOS DE MAIO PARTEI | CAIXA N° | CAIXA N° | 02 | CAIXA N° | 01 | 03 | cdr | MIOIr | NUMERAÇÃO:06.2.526.04/16, 06.525.04/16. | NUMERAÇÃO:9319 À 10891 | 273/2018, 3824/2019, 18543/2022."
"IMG_8213","IMG_8213.jpg","Sala do IML","05; 06; 00; 04; 07; 11; 12; 13","","2023; NUMER A CÃO:13768-2023 A; NUMER A ÇÃO: 20259 À 21464; 24154-2023; NUMER A ÇÃO:2013,2015, 2016.; 2017,2018 2020.2021 2022","Arquivo Geral","","0.868","CAIXA N° | 05 | 06 | CAIXA N° | 00 | 04 | 07 | NUMERAÇÃO:18694 À 202 | NUMERAÇÃO:17486 À 18710 | NUMERAÇÃO:13694 À 14975 | NUMERAÇÃO:14978 À16184 | ANO: | NUMERAÇÃO:12268 À 13691 | NUMERAÇÃO:16185 À 17479 | ANO: | 2023 | ANO: | 2023 | ANO: | 2023 | ANO: | 2023 | ANO: | 2023 | 2023 | PROTOCOLO.DE | PROTOCOLO DE | DIGITALIZAÇÃO | PROTOCOLO DE | DIGITALIZAÇÃO | PROTOCOLO DE | DIGITALIZAÇAO | PROTOCOLO DE | DIGITALIZAÇÃO | DIGITALIZAÇÃO | PROTOCOLO DE | DIGITALIZAÇÃO | CARTÓRIOML | INSTITUTO TÉCNICO-CIENTÍiFICO DE | INSTITUTO TÉCNICO-CIENTÍFICO DE | INSTITUTO TÉCNICO-CIENTÍFICO DE | PERICIA DO RIO GRANDE DO NORTE | PERICIA DO RIO GRANDE DO NORTE | PERICIA DO RIO GRANDE DO NORTE | INSTITUTO TÉCNICO-CIENTÍFICO DE | INSTITUTO TÉCNICO-CIENTÍFICO DE | NSTITUTO | PERICIA DO RIO GRANDE DO NORTE | PERICIA DO RIO GRANDE DO NORTE | INSTITUTO | CARTÓRIO ML | INSTITUTO | CARTORO MEL | CARTÓRIO IML | INsTITUTO | CARTÓRIO IML | NSTITUTO | SET0R | SETOR DE ARGUINO GERAL (SAG) | SETOR | SETOR DE AROUIVD GERAL (SAG) | SETOR | SETOR DE ARQUVO GERAL (SAG) | CARTORIO ML | SETOR | SETOR DE ARQUIVO GERAL (SAG) | SETOR DE ARGUIVO GERAL (SAG) | CLASSIFICAÇÃO ATESTADOS DE SETENBRO PARTEI | SETOR | CLASSIFICAÇÃO | ATESTADOS DE SETEMBO PARTE | CLASSIFICAÇÃO | ATESTADOS DE SETEMBRO PARTE M | CAIXA N° | CLASSIFICAÇAO | LESiOCORPORAE | CLASSIFICAÇÃO ATESTADOS DE AGOSTO PARTEE | CAIXA N° | CAIXA N° | CAIXA N°"
"IMG_8214","IMG_8214.jpg","Sala do IML","15; 30; 31; 32; 27; 34; 35; 01","","NUMER A ÇÃO: 18899 -20030; NUMER A ÇÃO: 20112 -21417; 2023; EX4ME ESm A LGa is 2022; 2013; 12104/2024; 2011,2012,2015,; 2016,2017","Protocolo","","0.899","INSTITUTO TÉCNICO-CIENTÍFICO DE | PERICIA DO RIO GRANDE DO NORTE | INSTITUTO TÉCNICO-CIENTÍFICO DE | INSTITUTO TÉCNICO-CIENTÍFICO DE | INSTITUTO TÉCNICO-CIENTÍFICO DE | NSTITUTO | CARTORO an. | INS TITUTO TÉCNICO-CIENTIFICO DE | PERICIA DO RIO GRANDE DO NORTE | PERICIA DO RIO GRANDE DO NORTE | INSTITUTO TÉCNICO-CIENTÍFICO DE | RIS {ITUTO TÉCNICO-CIENTÍFICO DE | PERICIA DO RIO GRANDE DO NORTE | PERICIA DO RIO GRANDE DO NORTE | PERICIA DO RIO GRANDE DO NORTE | PT/ ICIA DO RIO GRANDE DO NOTE | CARTORIO IML | SETOR | SETOR DE ARCUIVO GERAL AG) | wSTTVTO | CARTOco ML | INSTITUTO | CARTORO ML | NSTTUTO | CARTÓRIG IML | NSTmVO | CARTÓRIO ME | NsTTUTo | CARTÓRIO IML | SETOR DE ARQUVD GERAL (BAG) | SETOR DE ARCUIVO GERAL (SAG) | CLASSIICAÇAO | NECRONCóCOS sT1MO PARTE | SETOR DE ARGUNVO GERAL (BAG) | SETOR | SETOR DE ARGUIVD GERAL (SAG) | SETOR DE ARQLIVO GERAL ISAG) | SETOR | sETOR | SETOR DE ARQUIVD GERAL (SAGI | SETOR | CAIXAN° | NECHoMCÓPIcos JANmo FAKTE 1 | CLASSFICAÇAO | 15 | CLassirICAÇko | ECRONCOPCO% ACONTO PAKTEI | CLASSIFICAÇAO | NECRONCÓPCOS AGONTOPARIEIE | CLASSIFCAÇÃO | NECROCGPICOS MTEMROPARTE | MEcainCÓPCOs RLo PARTEI | 33 | CiAssrcAÇÁg | CAIXAN° | CAIXAN° | sSFICAÇÃO | AECR0SCÓPICO5 JALHD PARTEI | CAIXAN° | CAIXAN° | CAIXA N° | CAIXAN° | 30 | 31 | 32 | 27 | 28 | 29 | NUMERAÇÃO:22696 -24308 | NUMERAÇÃO:14941-16167 | NUMERAÇÃO:16221-17470 | NUMERAÇÃO: 18899 -20030 | NUMERAÇÃO: 20112 -21417 | NUMERAÇÃO:21576 -22681 | NUMERAÇÃO: 17499-18742 | ANO: | 2023 | ANO: | ANO: | ANO:"
"IMG_8215","IMG_8215.jpg","Sala Instituto de Identificacao","10; 08; 09; 12; 17; 14; 16; 18","","1994,1999,2001,2004,; 2006, 2008, 2009, 2010,; 2011, 2012; 1997,2007,2008,2009,; 2012, 2013, 2014, 2015; 12104/2024; 2002,2003,2004,2005,; 2005,2006,2007,2008","","Memorandos","0.899","INSTITUTO DE IDENTIFICAC | PRONTUÁRIO | INSTITUTO TÉCNICO-CIENTÍFICO DE | INSTITUTO TÉCNICO-CIENTÍFICO DE | INSTITUTO TÉCNICO-CIENTÍFICO DE | INSTITUTO TÉCNICO-CIENTÍFICO DE | INSTITUTO TÉCNICO-CIENTÍFICO DE | PERICIA DO RIO GRANDE DO NORTE | PERICIA DO RIO GRANDE DO NORTE | PERICIA DO RIO GRANDE DO NORTE | PERICIA DO RIO GRANDE DO NORTE | PERICIA DO RIO GRANDE DO NORTE | SETOR | ASSESSORIA JURIDICA | SETOR | ASSESSORIA JURIDICA | SETOR | ASSESSORIA JURIDICA | SETOR | ASSESSORIA JURIDICA | SETOR | ASSESSORIA JURIDICA | CLASSIFICAÇÃO | PROCESSOs JURÍDICOs | CLASSIFICAÇÃO | PROCESSOS JURIDICOS | CLASSIFICAÇÃO | CLASSIFICAÇÃO | PROCESSOS JURiDICOs | CLASSIFICAÇÃO | PROCESSOS JURiDICOS | PROCE$SOS JURiDICOS | CUMPRIMENTO DE DECISÃO | COMPUTAÇÃO DE TEMPO DE | PAGAMENTO DE INDENZAÇÃO; | CONVENO: RELOTAÇAO DE | LICENÇA PRÉMIO; PAGAMENTO DE | APOSENTADORIA POR TEMPO DE | UDICIAL: ABO | ONO DE PERMANÉNCIA; | DOCURENTO | SERVICO; GRATIFICACAO POR | AFASTAMENTO; PAGAMENTO DE | GRATIPICALCAO NVEL SUPERIOR: | SALÁRIO RETIDO: ABONO DE | PESSOAL:ADICIONAL NOTURNO: | TIPO DE | JETONS: PAGAMENTO 13"" SALARIO; | OFICIOS: MEMORANDOS | PERMANÉNGIA SERVIÇO: | ADICIONAL DE INSALUBRGDADE: | PAGAMENTO DE VENCMENTOS | DOCUMENTO | CAIXA N° | IMPLANTAÇÃO DE PAGAMENTO: | TIPO DE | CANCELAMENTO DE DESCONTO: | ADICIONAL FERIAS 1/3: | TIPO DE | ATRASADOS: RELOTAÇAO DE | REVISAO DE APOSENTADORA | DESCONTO; DESPACHO: LAUDO; | DOCUMENTO | TIPO DE | DOCUMENTO | PESSOALI ABONO DE | 11 | NOTURND; GRATIFICAGAO MVEL | DE INSALUBRIDADE: ADICIONAL | FOLMA DE PAGAMENTO DE PESSOAL | DOCUMENTO | PERMANENCIA: ADTS: PAGAMENTO | APOSENTADORIA POR TEMPO DE | DE DESPESA: GRATIFICAÇÃO NVEL | SUPERIOR: AVERBACAO: | PAGAMENTO DE GRATIFICACAO | ATRASADA: PAGAMENTO DE | CAIXA N° | 1994,1999,2001,2004, | UCENCA PREMIO: CESSAO DE"
"IMG_8216","IMG_8216.jpg","A classificar","25; 28; 29; 26; 1999; 2001; 2002; 30","","1999; 2004/2007; 1989,1990,1991,1995,; 2001; 2002; 1999,2000,2001,2002,; 12042024; 1204/2024","","Processos arquivados","0.881","TAL | PERICIA DO RIO GRANDE DO NORT | INSTITUTO TÉCNICO-CIENTÍFICO | INSTITUTO TÉCNICO-CIENTIFICO DE | INSTITUTO TÉCNICO-CIENTIFICO DE | INSTITUTO TÉCNICO-CIENTiFICO DE | INSTITUTO TÉCNICO-CIENTÍFICO DE | PERICIA DO RIO GRANDE DO NORTE | INSTITUTO TÉCNICO-CIENTÍFICO DE | PERICIA DO RIO GRANDE DO NORTE | PERICIA DO RIO GRANDE DO NORTE | PERICIA DO RIO GRANDE DO NORTE | PERÍCIA DO RIO GRANDE DO NORTE | ETOR | ASSESIORIA | FTOR | AstEsSORIA JURiDICA | ASSESSORIA JURIOICA | SETOR | ASSESSORIA JURDICA | CLASSIFICAÇÃO | CLASSIFICAÇÃD | SETOR | ASSESSORIA URIDICA | SETOR | ASSESSORIA JURIDICA | SETOR | PROCE5sos JURIcIC0N | CLASsinICAÇÃO | CLASSIFICAÇÃD | PROCEsSOs JLRIDIGOS | CLASSIFICAÇÃD | CLASSFICAÇÃO | PROCESSOs JURiDICOs | ROCEssOs umicICO8 | PROCESSOS JURicICOS | Po DE | PROCEsS0S ARQUVADOS | e BMENTo | TIPo DE | MENTO | PROCES5OS ARGUVADGS | PROCESSOS ARGuIVADOs | UMENTO | PROCESSOs ARQuIVADOS | ENTO | NO DE PE | TO DE JETON | CAIXA N° | CAIXA N° | CAIXA N° | HO00H0I8 | CAIXA N° | CAIXA N° | 25 | 28 | 29 | 26 | 27 | CAIXA N° | 1999 | 2004/2007 | 1989,1990,1991,1995, | 2001 | 2002 | 30 | 1999,2000,2001,2002, | ATA DE ARQUVAMENTO | 12042024 | DATA DE ARGUTVAMENTO | 1204/2024 | DATA DE ARGUVAMENTO | 1204/G934 | DATA DE ARQUIVAMENTO | 12/04/2024 | 2003,2004,2005,2006, | 2008,2009,2011, | @s: VER PROCESSOS R | ORS: VER PIROCESSOS RELACIONADOS EMETIQUETA | OBS: VER PROCESSOS RELACIONADOS EM ETIQUETA"
"IMG_8217","IMG_8217.jpg","A classificar","44; 45; 49; 47; 48; 46; 2005; 50","","2000/2001; 1999/2005; 1989,1990,1995,1996,; 120/2024; 1204/2024; 1977,1987,1991,1992,; 1966, 1995, 1996, 1999; 1997,1998, 1999, 2000,","","Memorandos","0.906","DATA DE ARQUIVAMENTO | 12642924 | lapist | Arquivo | Arquivo | Arquivo | Práico | Arquivo | Prético | Prático | Prático | REGRiTRe | DEmGmos | Refurència | Refurdncla | AER方IPCT | INSTITUTO TÉCNICO-CIENTÍFICO DE | ITITUTO TÉCNICO-CIENTÍFICO DE | PERICIA DO RIO GRANDE DO NORTE | RICIA DO RIO GRANDE DO NORTE | INSTITUTO TÉCNICO-CIENTÍFICO DE | INSTITUTO TÉCNICO-CIENTÍFICO DE | INSTITUTO TÉCNICO-CIENTÍFICO DE | PERICIA DO RIO GRANDE DO NORTE | E10R | ASSESSORIA JURICICA | PERICIA DO RIO GRANDE DO NORTE | INSTITUTO TÉCNICO-CIENTÍFICO DE | PERÍCIA DO RIO GRANDE DO NORTE | ASSESSORIA JURIDICA | SETOR | ASSESSORA JUmioCA | CASIFICAÇÃD | PROCESBOS JUmIcICOS | SETOR | ASSESSORIA JURIDICA | PERICIA DO RIO GRANDE DO NORTE | SETOR | ASSESSORA JURIDICA | ACAo | PROCESSOS JURIoICOS | CLASSIFICAÇÃD | LE1, GLASSIPICAGAO DE DESPESA | ESTRUTURAÇÃO ITEP, PROJETODE | PROCESSOS JURIDICOS | CLASSIFICAÇÃO | PROCESSOS JURicIcOs | SETOR | ASSESSORIA JURIDICA | CLASSIFICAÇÃO | PROCEssos JueioIcos | LEOISLAÇÃO ESTADUAL | LIVRO DE POSSE, LEGISLAÇÃO | LEGISLAÇÃO ESTADUAL | CLASSIFICAÇÃO | PROCESSOS JURIDICOS | INFORMAÇAO, PARECER | 0 | TPo DE | ESTADUAL DECRETOS, PROCESSOS, | MOVEIS SEVM, PAGAMENTO | DISSERTAÇAO DE RODOLPHO PENNA | ADICIONAL DE INSALUBRIDADE | DOCUMENTO | TIPo DE | CAIXA N° | TIPCDE | TIPODE | INTMAÇAQ, VOTOS TCE, TERMO DE | OFICIOS, PROCESSOS. MANDADO DE | CAIXAN° | DOCMENTO | DE PESSOAL, PROVE | ABCENSAO FUNCIONAL, DESIGNACAO | MEMORANDOS, DESPACHDS | 44 | DOCUMENTO | 45 | RESBARGIMENTO, EQUIPARAÇÃO | CAIXAN°"
"IMG_8218","IMG_8218.jpg","Sala do IML","83; 89; 2018; 67; 24; 26; 18; 84","200.500; 200.599; 200.600; 200.699; 201.800; 201.899; 200.753; 200.766","2018/2019; 2018; 2018-2019; 2017/2018/2019; 2020; 59844/15.152 (08/2016); 2019; 23.000/23.838 (2015/20162014)","Protocolo","Memorandos","0.877","Reterincla | 劉学 | INSTIT | PERIG | INSTITUTO TÉCNICO-CIENTIFICO DE | Notnun | INSTTTUTO TÉCNICO-CIENTÍFICO | DE PERICIA DO RIO GRANDE DO | PERICIA DO RIO GRANDE DO NORTE | PERICIA DO RIO GRANDE DO NORTE | CLAssa | NORTE | wemnopr | INSTITUTO TÉCNICO-CIENTIFICO DE | NSTTUTO DE CRMNAL IsTICA | NITTVTosETOR | INSTITUTO TÉCNICO-CIENTÍFICO DE | PERICIA DO RIO GRANDE DO NORTE | nam/ToMTOR | IDENTIFICAÇÃO CRIMINAL | PERICIA JO RIO GRANDE DO NORTE | INSTITUTO TÉCNICO-CIENTIFICO DE | NSTITUTO | INETITUTODEIDENTFICAÇAC | CLAsSFCAÇÃO | IDENTIFICAÇÃO CRININAL | PERICIA DO RIO GRANDE DO NORTE | CLASSIFICAÇÃO | DOCP | SETOR | IDENTFICAÇÃO | INSTITUTODEIDEMTEICAÇAO E | INSTT/TOSETOR | RMINAL | NSTITUTOrBETOR | INSTm/TD DE | LOCALIZAÇÃO | OFicIOs | NSTITUTO | sOcoOMENTo | BETOR | IDENTPICAÇÃO CIML E CRMINAL | CLASSFCAÇÃO | DENTFICAÇÃO CRINRI | 6 | 01.01.01.04 | MEMORANDOS | CLASSIFISAÇÃO | IDENTP CAÇÃO CR | CAIXA N° | CA | CLASSICAÇÃO | oricios | oricio-sQ | JCITAÇAO DE | 2ROR86 | CAIXA N° | 83 | ANO: | Ne | DOCoUMENTO | 89 | PAPLOSCOI | 2018/2019 | CAIXA N° | 200.500/200.599 | 2018 | BOLETIM DE | N° | CAIXA N° | DENTIFICACI | ANO/PERIODO | 67 | ANO/PEROOO | 2018-2019 | OBERVACAO | ANO/PER00O | 2017/2018/2019 | N° | ANO /PERÍODO"
"IMG_8219","IMG_8219.jpg","Sala Instituto de Identificacao","44; 79; 98; 30; 2059; 72; 6; 32","201.500; 201.599; 201.400; 201.499; 201.900; 201.999; 201.700; 201.799","2059; 2012/2016/; 2017/2018; DEZ/2019; 2011/29162017; OUT. NOV DE2./2020; 1985; OUT. NOV. DEZ. 12000","Medicina legal","","0.833","NSTUTODECEIMPNALSTICAOG | Referência | D | Local | PERICIA DO RIO GRANDE DO NORTE | INSTITUTO TÉCNICO-CIENTIFICO DE | PERICIA DO RIO GRANDE DO NORTE | INSTITUTO TÉCNICO-CIENTIFICO DE | INSTTUTOsETOR | INSTITUTO DE | PERICIA DO RIO GRANDE DO NORTE | INSTITUTO TÉCNICO-CIENTIFICO DE | PERICIA DO RIO GRANDE DO NORTE | INSTITUTO TÉCNICO-CIENTIFICO DE | CLASSFICAÇÃo | NTIPICAÇÁO | NSTUTOSETOR | DENTIPICAÇÃO CR | NSTTUTOsETOR | INSTITUTO TÉCNICO-CIENTÍFICO DE | aanTVTOSETOR | INSTITUTO TÉCNICO-CIENTÍFICO DE | PERICIA DO RIO GRANDE DO NORTE | CLASSIFICAÇÃO | DENTFICAÇÃO CRMINAL | Do EATo | PERICIA DO RIO GRANDE DO NORTE | CLAsSIFICAÇÃO | DENTIFICAÇAO CRM | CLASSIRICAÇÃO | INSTTUTO | NSTITVTO CE IDENTFCACLO | oENTo | oFicio | BOLETIM DE | INSTITUTOrsETOR | STTUTO DE | DOCUMENTO | TPO DE | DENTRICACAC | LVROS DE OCORRÉNCI | SETOR | CAIXA N° | CLASSFICAÇÃO | TCACÃo-PCC | DODENTo | LOCALIZAÇÃO | NTFICACÃOC | 44 | IDENTPICAÇÃD CI | CAIXAN° | 79 | 01.01.01.05 | CAIXA N° | 98 | No | CAIXAN° | N° | 30 | 2059 | CAIXA N° | 72 | BROTCA | 2012/2016/ | N° | ANO/PERIODO | 2017/2018 | ANO/PERIGGO | DEZ/2019 | NO | ANO/PERIOOO | 2011/29162017 | SERVAÇÃO: | 1/399 | ERvAÇÃo: | OBSERVAÇÃO | ANO/PERODO | OUT. NOV DE2./2020 | ANO/PERIOOO | SEMDATA"
"IMG_8220","IMG_8220.jpg","Sala Instituto de Identificacao","52; 20; 49; 38; 43; 39; 2016; 2011","202.000","2016; 2011; A NO 2021; A BRLMAIO 12022; J A N. MAL / 2023; 2022; 201/2014/2916/2017/2018; 2010","","","0.834","BHaUEs | wrunoseTOE | DEmno | SE | INSTITUTO TÉCNICO-CIENTIFICO DE | PERICIA DO RIO GRANDE DO NORTE | PERICIA DO RIO GRANDE DO NORTE | INSTITUTO TÉCNICO-CIENTiFKO DE | IDENTIFICAÇÃD CR | PERICIAE D RRO (H M MLAS | INSTITUTOTÉCNY | O RIC RANDE DO NORTE | oFicio-sOu | ucnrgko Dt | TUT0/sETOR | NSTTVrO/sETOR | naTm/rosETOR | NSTITUTO DE CRIMNALISTICA | RICIA DO RIO GRANDE DO NORTE | LASSIFICAÇÃO | CLASsPCAÇÃG | DENTPCAÇÃOc | CLASSIFICAÇÃO | DENTIFICAÇAO CRMGNAI | DLICITAÇko DE | METOR | soMEno | AooE | ICAÇÃo | DENTPCA | CAIXAN° | 52 | BOLETMDR | CAIXA N° | 20 | TACko DE | CAIXAN° | NO | 49 | CAIXAN | 38 | N° | 43 | Ns | 202.000/202:099 | No | CAIXA N° | 39 | NO | ANOIPERODO | 2016 | w0/PER00O | 2011 | NO | ANO 2021 | ANO/PERIoCO | ANOIPERIOOO | ABRLMAIO 12022 | 202 | caixa | B | aY | INSTITUTO TÉCNICO-CIENTiFICO DE | PERICIA DO RIO GRANDE DO NORTE | NSTITUTO DE | PERICIA DO RIO GRANDE DO NORTE | INSTITUTO TÉCNICO-CIENTIFICO DE | INSTITUTOISETOR | INSTTUTO TÉCNICO-CIENTiFICO DE | PERICIA DO RIO GRANDE DO NORTE | INSTITUTO TÉCNICO-CIENTÍFICO DE | CLASSFICAÇÃO | NSTTUTO/SETOR | PERICIA DO RIO GRANDE DO NORTE | IDENTFICAÇÃO CRIMINLAL | NsTTUTosETOR | ENTVTOEO | PERICIA DO RIO GRANDE DO NORTE | INSTITUTO TÉCNICO-CIENTÍFICO DE | OricIO-SOLICITAÇÃo DE"
"IMG_8221","IMG_8221.jpg","Sala Instituto de Identificacao","25; 8; 41; 95; 78; 2018; 22; 45","200.800; 200.899; 200.900; 200.999; 200.100; 200.199; 200.400; 200.499","200800; 2021; 2018; 1988-1989; J A N. FEV.12020; 2010; 2017; A NO 2022","","","0.822","OBSERVAÇAO | pairesrt | SERVAÇÃO | EIYEarL | 200800 | Retarônela | INSTITUTO TÉCNICO-CIENTÍFICO DE | PERICIA DO RIO GRANDE DO NORTE | INSTITUTO TÉCNICO-CIENTÍFICO DE | INSTITUTO TÉCNICO-CIENTiiICO DE | PERICIA DO RIO GRANDE DO NORTE | ERICIA DO RO GRANDE DO NORTE | INSTITUTO TÉCNICO-CIENTÍFICO DE | NSTITUTO | NSTVTO DE CRMINALSTICAIC) | PERICIA DO RIO GRANDE DO NORTE | INSTITUTO TÉCNICO-CIENTIFICO DE | PERICIA DO RIO GRANDE DO NORTE | INSTITUTO/SETOR | INSTITUTODE | INSTITUTO TÉCNICO-CIENTÍFICO DE | sroseTOR | SETOR | IDENTIFICAÇÃO CRIMINAL | IENTFICACAC | INSTITUTOETOR | INSTITUTD DE CRIMNALIsTICA | 4sFcAÇÃo | DENTpcACAo | IRCAci | INSTTUTOISETOR | CLASIFICAÇÃO | oFicos | CLASSIFICAÇÃD | CLASSFICAÇÃO | PERÍCIA DO RIO GRANDE DO NORTE | ANO: | ENTFICACÃO CR | IDENTIFICAÇÃO CRH | CLASSIFICAÇÃO | INSTITUTO/SETOR | INSTITUTO DE | IDENTIFICAÇÃO CRIMINAL | OEMTRCACAo | ODE | MENTD | BoLETMDe | 2021 | DFicIO- sOLICITAÇÃO DE | OFicio | PARACÁO | CLASSFICAÇÃG | DENTPICAÇÃO CRMINA | CAIXAN° | CAIXA N° | 25 | TIPO DE | DOCUMENTO | BOLETM DE | BOLETIMDE | DEMEFICACÃO CRR | 8 | BROACOACA | CAIXAN° | 41 | N° | oricon | CAIXA N° | No | CAIXA N° | 95 | 200.800/200.899 | 78 | N° | ANO/PERIODO | 2018 | OstRrkCkG | N° | ANOIPERIODO | 1988-1989"
"IMG_8222","IMG_8222.jpg","Sala Instituto de Identificacao","13; 2018; 76; 27; 91; 36; 66; 2021","201.100; 201.199; 201.300; 201.399; 204.700","2018; 2007-2011; 2011/2012/2013; 2021; 20.592/21996; 2018/2018; 2019; 1991,1994,2001,2004,","","","0.877","Conton | PERICIA DO RIO GRANDE DO NORTE | PERICIA DO RIO GRANDE DO NORTE | NSTTVTO DE CeaNALSTICA | INSTITVTOETOR | INSTITUTO DE CRIMNALISTCA | mihgwe roe | CLAssiICAÇAO | IDENTIRCAÇko cRmINA | ISTn | TÉCNICO-CIENTiFICO D: | PERICIA DO RIO GRANDE DO NORTE | NSTITUTO TÉCNICO-CIENTIFICO DE | PERICIALO RIO CRANDE DO NORTI | CLASSFICAÇAO | IDENTFICAÇÃO CRMINAL | 11 | NSTITVTO/SETOR | INSTITUTO TÉCNICO-CIENTIFICO DE | BOCODRENTO | PRONTUARID DE DENTPICAÇAO | NSTIT | PERICIA DO RI GRANDE DO NORTE | CAIXA N° | CLASSIFICAÇÃD | DENTFICACLO CRIMINA | INSTITUTO DE | CAIXAN° | 13 | N° | NSTITUTOSETOR | OricIo | DENTAIGAÇAG | 201.100/201.199 | BOLETIMDE | CLASSFIGIÇAO | N° | 2018 | OricIo-sOucITAÇÃo DE | 201.300/201.399 | ANO/PERIODO | CAIXA N° | DO DE | ro | PAPILOSCOR | ANOIPERIODO | 2018 | wvAcÃO | CA | 92 | 2007-2011 | CAIXANP | 76 | N° | ANO /PERIODO | 201D | ANOIPERIODO | 10235 | 2011/2012/2013 | 区 | 佳313 | epuq100Y | B000t3JLNB15-0SINO81O10111SNI | 假 | [e207 | PERICIA DO RIO GRANDE DO NORTE | INSTITUTO TÉCNICO-CIENTÍFICO DE | PERICIA DO RIO GRANDE DO NORTE | INSTITUTO TÉCNICO-CIENTIFICO DE | INSTITUTOSETOR | PERICIA DO RIO GRANDE DO NORTE | INSTITUTO/SETOR | INSTITUTO DE | INSTITUTO TÉCNICO-CIENTÍFICO DE | INSTITUTO DE | omncACAo | PERICIA DO RIO GRANDE DO NORTE | PERICIA DO RIO GRANDE DO NORTE | INSTITUTO TÉCNICO-CIENTÍFICO DE | CLASSPICAÇÃo"
"IMG_8223","IMG_8223.jpg","Sala Instituto de Identificacao","77; 37; 2019; 2; 29; 10; 16; 3","201.000; 201.099; 201.600; 201.699; 200.200; 200.299","2019; 2022; 2014/2015; SET.OUT, NOV DEZ.2010; OUT. NOV.DEZ/2020; 2018; 2015/2016; 2005","Protocolo","","0.876","INSTITUTO TÉCNICO-CIENTÍFICO DE | INSTITUTO TÉCNICO-CIENTÍFICO DE | PERICIA DO RIO GRANDE DO NORTE | PERICIA DO RIO GRANDE DO NORTE | INSTITUTO TÉCNICO-CIENTIFICO DE | INSTITUTO TÉCNICO-CIENTÍFICO DE | INSTITUTO TÉCNICO-CIENTÍFICO DE | PERICIA DO RIO GRANDE DO NORTE | INSTITUTOVSETOR | INSTITUTO/SETOR | INSTITUTO DE | PERICIA DO RIO GRANDE DO NORTE | PERICIA DO RIO GRANDE DO NORTE | INSTITUTOSETOR | IDENTIFICAÇÃO | NSTITUTO | INSTITUTO DE CRaLALISTICA | CLASSIFICAÇÃO | IDENTIFICAÇÃO CRMINAL | CLASSIFICAÇÃO | IDENTIFICAÇÃO CRIMINAL | NSTTVTO DE CENTFCAÇkO | INSTTUTOISETOR | INSTITUTO DE | SETOR | IDEMTIFICACAO | CLAssICAÇÃO | CLASSIFICAÇÃO | CNT | TIPO DE | DOCUMENTO | LNROS DE OCCRRENCIAS | T3- | LOCALIZAÇÃO | IDENTFICAÇÃO CRMINAL | TIPO DE | NOTPCACOES | CAIXAN° | PAPILOSCOPICA | 01.01.01.06 | OriCIO-SoLCITAÇkoDE | DOCuMENTO | TIPODE | INFRACUES | 77 | BOLETIMDE | CAIXAN° | MLTAS CE TPANDTO | CAIXAN° | IDENTIFICAC | BOLETM DE | 37 | PROTOCOLODE | 2019 | CAIXA N° | CENTEICAGAO CRMNAL | 2 | N° | DIGITALIZAÇÃO | 29 | ANOIPER0OO | NO | 2022 | ANOIPERIODO | N° | 2014/2015 | ERVAÇAO | ANO/PERÍODO | SET.OUT, NOV DEZ.2010 | ANOIPERIOCO | OUT. NOV.DEZ/2020 | arquivo | OBSERVAÇÃO | ERVAGAO | Arqutva | Prdtico | C | Refere-cla | L00a | PERICIA DO RIO GRANDE DO NORTE"
"IMG_8224","IMG_8224.jpg","A classificar","86; 35; 105; 2010; 0; 21; 63; 2018","202.100; 202.199; 340.000; 369.999; 500.000; 550.999; 200.200","2017/2020; 2011/2015; 2010; 2018; 2022; 2011-2015; 2019/2020; 1977C""","Protocolo","","0.85","INSTITUTO TÉCNICO-CIENTIFICO DE | NSTITUTO | SETOR | CLASSPICAÇÃO | ANO: | OricIOs E MEMORANDO | 2017/2020 | Arquiv | 3018小 | METOR | CLASSPCAÇÃO | LASsPCAÇkO | DIGITALIZAÇÃO | PROTOCOLO DE | oDE | RANDE DO NORTE | TEcOOE | CAIXAN° | CAIXA N° | 86 | 35 | Fcac | N° | 2011/2015 | palycart | DATA DE ARGUVAS | CAIXA N* | 105 | 2010 | 0 | TEP | INSTITUTO TÉCNICO-CIENTÍFICO DE | PERICIA DO RIO GRANDE DO NORTE | INSTITUTO TÉCNICO-CIENTÍFICO DE | PERICIA DO RIO GRANDE DO NORTE | emurODE | NSTTUTOSETOR | INSTITUTO DE CRMNALisnCA | PERICIA DO RIO GRANDE DO NORTE | INSTITUTO TÉCNICO-CENTIFICO DE | INSTTUTO/SETOR | LASSIFICAÇÃO | CLASSIFICAÇÃD | IDENTFICAÇÃO CRIMINAL | DENTIFICAÇÃO CRMINAL | INSTITUTO TÉCNICO-CIENTIFICO DE | NSTmuTosETOR | OPiCIO-SOLICITAÇÃo DE | WTUÁRO DE IDENTPICAÇiO | PERICIA DO RIO GRANDE DO NORTE | CLASSPICAÇÁG | PAPILOSCOPICA | CAIXA N° | 21 | NSTTVTO | NSTTUTO DE CR | LisTICA IG) | No | SETOR | IPENTFCACA | CAIXA N° | 63 | 202.100/202.199 | CLAsSFCAÇÃo | ANO: | CAIXA N° | ANOIPERiOOO | 2018 | 99 | ousEvaÇÃO: | 2022 | N° | ANO/PERIODO | 2011-2015 | ANO/ PERIODO | 2019/2020 | OBSERVaÇÃo | OBSERVAÇÃO: | tunNo | e"
"IMG_8225","IMG_8225.jpg","Sala Instituto de Identificacao","12; 65; 80; 2017; 103; 68; 2015; 96","201.200; 201.299; 200.768; 200.700","2018; 2017; 2015; 2023; 2004/2005/2006","Protocolo","Livros","0.855","onten | CEH | rC | ncia | Referéncia | INSTITUTO TÉCNICO-CIENTÍFICO DE | PERÍCIA DO RIO GRANDE DO NORTE | INSTITUTO TÉCNICO-CIENTÍFICO DE | INSTITUTO/SETOR | INSTITUTO DE CRIMINALISTICA | PERÍCIA DO RIO GRANDE DO NORTE | CLASSIFICAÇÃO | IDENTIFICAÇÃO CRIMINAL | INSTITUTO TÉCNICO-CIENTÍFICO DE | INSTITUTO TÉCNICO-CIENTÍFICO DE | PERÍCIA DO RIO GRANDE DO NORTE | PERÍCIA DO RIO GRANDE DO NORTE | INSTITUTO/SETOR | INSTITUTO DE | TIPO DE | IDENTIFICAÇÃO | DOCUMENTO | PRONTUÁRIO DE IDENTIFICAÇÃO | INSTITUTO DE | NSTITUTO | INSTITUTO DEIDENTICAGÃO | CAIXAN° | CRIMINAL | INSTITUTO/SETOR | CLASSIFICAÇÃO | IDENTIFICAÇÃO CRIMINAL | 12 | IDENTFICACAO | SETOR | IDENTIFICAÇÁO CRIMNAL | POLICIA FEDERAL | CLASSIFICAÇÃO | IDENTIFICAÇÃO CRMINAL | CLASSIFICAÇAO | LAUDOS | LAUDOS PERICIA | N° | OrFICIO-SOLICITAÇÃO DE | ANO: | PAPILOSCÓPICA | TIPO DE | PAPILOSCOPICA | COMPARAÇÃO | TIPO DE | 201.200/201.299 | DOCUMENTO | 2018 | DOCUMENTO | EXAMES DE CONFROTO | IMPRESSOES DIGITAIS | IDENTIFICACÃO CRIMNAL | BOLETIMDE | ANO/ PERÍODO | 2018 | OBSERVACÃO: | CAIXAN° | CAIXA N° | 65 | PROTOCOLO DE | 80 | N° | NO | 200.768/200.700 | CAIXA1/3 | ANO/PERIODO | ANO/ PERIODO | 2017 | RaYEart | casayAcio | OBSERVAÇÃO: | Arguivo | SsSG | BELVCarI | eIaueieieu | SIMIC"
"IMG_8226","IMG_8226.jpg","Sala Instituto de Identificacao","103; 2023; 2015; 2006; 53; 96; 100","","2023; 2015; 2006","Protocolo","","0.884","INSTITUTO | TIPO DE | FOLHA DE FREQUÊNCIA | SETOR | IDENTIFICAÇÃO CRIMINAL | DOCUMENTO | TIPO DE | CLASSIFICAÇÃO | OFIcIOs | CAIXA N° | 103 | DOCUMENTO | PI | ANO: | BO | IDEA | 2023 | CAIXA N° | 2015 | ANO/ PERÍODO | PROTOCOLO DE | OBSERVAÇÃO | No | DIGITALIZAÇÃO | 2006 | 400A 699 | ANO/PERÍODO | SEM L | OBSERVAÇÃO: | Balyeart | ArqutvU | Protico | 10307 | pOLyCar! | e12ug1ojay | Referéncis | INSTITUTO TÉCNICO-CIENTÍFICO | DE PERICIA DO RIO GRANDE DO | INSTITUTO TÉCNICO-CIENTÍFICO DE | PERICIA DO RIO GRANDE DO NORTE | NORTE | INSTITUTO/SETOR | INSTITUTO DE | NSTITUTO | WSTTUTODE IDENTIFICAÇAO | SETOR | CLASSIFICAÇÃO | IDENTIFICAÇÃO CRIMINAL | LOCALIZAÇÃO | 01.01.01.02 | PAPILOBCOPIK | ICA | PROTACOAODS | INSTITUTO TÉCNICO-CIENTÍFICO DE | CAIXA N° | 53 | INSTITUTO/SETOR | No | CLABSIPICAÇÃO | IDENTIFICAÇÃO CRIMINAL | DROn | oFicio | ANG I PERIODO | Mlycart | CAIXA N° | 96 | ANO / PERIODO | Mai. Jun. jul, 2OT9 | OBSERVACÃO | 66o | 100"
"IMG_8227","IMG_8227.jpg","A classificar","4; 5; 6; 1; 3; 2; 9; 8","150.000; 180.000; 290.000; 310.999; 311.000; 319.999; 320.000; 339.999","1973; 1976“B""; 1977"" A ""; 1977B""; 1972; 1975; 1976"" A ""; 1978B""","","","0.826","1973 | 0 | PERICIA DO RIO GRANDE DO NORTE | INSTITUTO TÉCNICO-CIENTÍFICO DE | INSTITUTO TÉCNICO-CIENTIFICO DE | PERICIA DO FIO GRANDE DO NORTE | PERICIA DO RIO GMANDE DO NORTE | NSTTVTOSEIDR | IwsTmVTO DE IgENTICAÇAo | INSTTTOSHBENtPICACÃO | osenTS.E DENTrcAGAo | ETOA | IASTit/To De eEITecAÇAo | PERICIA DO RIO GRANDE DO NORTE | PERICIA DO RIO GRANDE DO NORTE | CLAStFICAÇAO | DENTFICAÇAO CVL | IDENTUICAÇÃD CVs | OLAsSFIEAÇÃO | oEatrcacko-cvs | MICAÇAO | MENTrcAÇÃO CIVE | aETOR | wanm/To DE DENmnCAÇko | aMtS/0SOH | stiTVTo DE OENncAGkG | oUMENEo | N | LISTA DE OOWNTROLE | LAstrICAÇAG | LISTA De CONTROLE | riro DEENTO | UINTA DE CONTROLE | DOENo | LISTA GE CONTROLE | caÇAo | DENTICAÇÃo cNL | CLASSFCAÇAG | DENFICAÇkO OML | CAIXA N° | MEItA SIA DA IDENTIDADE | PRMERA YADA GENTOADE | MERA WA DA OENT | LNTA DE CONTROLE | soo MEto | LITA CE CONTWOLE | 4 | CAIXAN° | 5 | CAIXAN° | 6 | CAIXA N° | 1 | CAIXAN° | ACRA VIA DA IOENT | CAIXAN° | 3 | 4 | 2 | Ne | N° | 150.000/180.000 | N | 290.000/310.999 | 311.000/319.999 | 320.000/339.999 | N° | ANDIPERODO | 1976“B"" | 1977""A"" | ANOIPERIOCO | 1977B"" | 1972 | 250.000/269.999 | N0 | 270.000/289.999 | OISERVCkO | ANOIPERODO | ANOIPERIODO | 1973"
"IMG_8228","IMG_8228.jpg","Sala Instituto de Identificacao","23; 21; 22; 24; 19; 20; 27; 29","951.000; 959.999; 960.000; 000.000; 900.000; 930.000; 950.999; 830.000","1986; 1986""C""; 1986"" A ""; 1986""B""; 1986""D""; 1985""B""; 1985""C""; 1986""E'","","","0.855","INSTITUTO DE IDENTICAÇÃO an | 1986 | Referéncia | Referência | INSTITUTO TÉCNICO-CIENTÍFICO DE | INSTITUTO TÉCNICO-CIENTÍFICO DE | PERICIA DO RIO GRANDE DO NORTE | INSTITUTO TÉCNICO-CIENTIFICO DE | INSTITUTO TÉCNICO-CIENTÍFICO DE | PERICIA DO RIO GRANDE DO NORTE | INSTITUTOISETOR | INSTITUTO DE IDENTIFICAÇÃO | PERICIA DO RIO GRANDE DO NORTE | INSTITUTO TÉCNICO-CIENTIFICO DE | INSTITUTO TÉCNICO-CIENTÍFICO DE | PERICIA DO RIO GRANDE DO NORTE | PERICIA DO RIO GRANDE DO NORTE | PERICIA DO RIO GRANDE DO NORTE | INSTTUTOSETOR NSTTUTO DE IDENTIFICAÇAO | CLASSIFICAÇÃO | IDENTIFICAÇÃG CIVIL | NSTmUTosETOR | INSTITUTO DE DENTPICAÇAO | NSTITUTOrtETOR | INSTITUTO DE IDENTWICAÇÃO | NSTTUTOsETOR | INSTITVTD DE IDENTIFICACÃO | CLASSFICAÇÃO | IDENTIPICAÇÃO CIVIL | CLASSFICAÇÃO | DOCDENTO | LISTA DE CONTROLE | IDENTIFICAÇAO CIVL | CLABMMFICAÇÃO | NSTITUTOSETOR | INSTITUTO DE IDENTIFICACÃO | CLASSIFICAÇÃO | IDENTIFICAÇÃO GIVL | DENTFICAÇÃO CIVL | CLASSIFICAÇÃO | IDENTFICAÇÃo CIVL | LISTA DE CONTROLE | TIPO DE | LISTA DE CONTROLE | PRIMEIRA VIA DA IDENTIDADE | LISTA DE CONTROLE | LISTADE CONTROLE | DOCUMENTO | PRIMEIRA VIA DE IDENTIDADE | CAIXA N° | 23 | CAIXA N° | PRMEIRA VIA DA IDENTIDADE | TIPODE | LISTA DE CONTROLE | PRMERA VIA DE IDENTIDADE | DOCUMENTO | RMEIRA VA DE DENTIDADE | PRMEIRAVIA DE IDENTIDADE | CAIXAN° | 21 | CAIXA N° | 22 | 24 | CAIXA N° | 19 | CAIXA N° | 20 | N° | N° | NO | 951.000/959.999 | 960.000/1.000.000 | No | N° | N° | 900.000/9299.999 | 930.000/950.999 | 830.000/849.999 | ANO/PERIODO"
"IMG_8229","IMG_8229.jpg","A classificar","42; 44; 46; 43; 45; 47; 53; 49","157.000; 157.999; 720.000; 730.999; 600.000; 649.999; 670.000; 699.999","1995; 1972; 1996; 1995""B""; 1996"" A ”; 1996""C""; 1996""E""; 1995C""","","","0.81","ONaNmmn | CAIXAN° | ITEP | ASGFICAÇAQ | PERTIA DO OGRANDE DONORTE | EIEK | INSIITUTO BEIDENIICACÁOD | ANO | 157.000/157.999 | RO | ICENTPICAÇAO CIVN | Z | 42 | 0 | 1995 | 1972 | 1996 | 中 | Referéncla | 0 | Referèncie | Rafarincia | Refaréecia | INSTITUTO TÉCNICO-CIENTIFICO DE | PERICIA DO RIO GRANDE DO NORTE | INSTITUTO TÉCNICO-CIENTIFICO DE | PERICIA DO RIO GRANDE DO NORTE | INSTITUTO TÉCNICO-CIENTIFICO DE | PEA DO RID GRANDE DO NORTE | TIUTGBETOR aGTITUTO DE CENTICACAO | INSTITUTO TÉCNICO-CIENTIFICO DE | PERICIA DO RIO GRANDE DO NORTE | PERICIA LO RIO GRANDE DO NORTE | nTUTOMTOR NSTTUTO DE IDrNTICAÇAO | CLABMIFICAÇAD | IDENTnCAÇÃo CI | TOSETOR NITTUTO DE IDENTFICAÇÃO | CLAsSIRICAÇÃo | EENTWICAÇAOCNL | INSTITUTO TÉCNICO-CIENTIFICO DE | aSTVTONETOR | AETITUTO CE IDENTICACAO | CLASSIPICAÇkO | CENTPICAÇÃD CVL | NSTTUT0sETOR | MTTVTO DE IDENTPCAÇiO | PERICIA DO RIO GRANDE DO NORTE | LSTADE CO | CLASSIFICAÇÃO | DENTWCACAO CVL | LuSTA DE CONTROLE | CLASSIFICAÇÃO | ENTIFICAÇÃO CNL | LISTA DE CONTROLE | TOsETOR | Nmm/O DE CENRCACiO | CAIXA N° | RAVIA DU | MDE | ooUETo | LISTA DE CONTRCLE | ooONENTo | LINTADE COATROLE | CAIXA N° | MERA VA DA DENTDADE | RMEIRA VA DA IDENTIDADE | CLASSIFICAÇÃO | 42 | eeNTncAciocva | IRA VADA ICEY | CAIXAN° | 44 | RIMEIRA VA DA IDENTCADE | 46 | CAIXAN° | PoDE | LISTA DE CONINOLE | N° | CAIXA N° | 43"
"IMG_8230","IMG_8230.jpg","A classificar","56; 55; 57; 54; 58; 59; 60; 61","000.000; 035.999; 036.000; 057.999; 258.000; 099.999; 970.000; 999.999","2030.; 1998""E""; 1998""D""; 1999; 1998“C""; 2000; 2.160.000/2.1999.999; 2001","","","0.849","Referéntia | 2030. | acia | INSTITUTO TÉCNICO-CIENTÍFICO DE | INSTITUTO TÉCNICO-CIENTIFICO DE | PERICIA DO RIO GRANDE DO NORTE | PERÍCIA DO RIO GRANDE DO NORTE | INSTITUTO TÉCNICO-CIENTÍFICO DE | TO TÉCNICO-CIENTÍFICO DE | INSTITUTOISETOR | NSTTUTO DE OENTFICAÇAO | INSTITUTO/SETOR | MSTITUTD DE IDENTIFRICAÇÃD | PERICIA DO RIO GRANDE DO NORTE | DO RIO GRANDE DO NORTE | CLASSIFICAÇÃO | INSTITUTO TÉCNICO-CIENTIFICO DE | INSTITUTO TÉCNICO-CIENTIFICO D | CLASSFICAÇÃO | CENTIRICAÇÃO CVL | IDENTFICAÇÃO CIVIL | INSTITUTO/SETOR | NSTITUTO DE IDENTFICAÇAO | PERICIA DO RIO GRANDE DO NORTE | PERICIA DO RIO GRANDE DO NORT | mSTTutD DE CENTPCAÇAO | TIPO DE | LSTA DE CCNTROLE | TPODE | LIBTA DE CONTROLE | CLASSIFICAÇÃO | DOCUMENTO | IDENTPICAÇÃO CIVL | INSTITUTO/SETOR INSTITUTO DE DENTFICAÇAO | INSTITUTOISETOR | NSTTVTO DE IDENTUCAÇID | CENTPCACÃO CVL | DOGUMENTO | PRMEIRA VIA DE DENTDADE | MEILA VIA DA IDENTIDADE | TIPO DE | LISTA DE CONTROLE | CLASSIFICAÇÃO | DENTIFICAÇÃO CIVL | CLASSIFICAÇÁD | CAIXAN° | ADENTFICAÇÃO CIVL | LITA DE CONTROLE | CAIXA N° | 56 | DOCUMENTO | 55 | PRIWEIRA VIA DA DENTDADE | TIPO DE | LISTA DE CONTROLE | TIPO DE | DOCUMENTO | LIS7A DE CONTROLE | PRaERA VA DA CENTOADE | CAIXAN° | 57 | DOCUMENTO | No | PRMEIRA VIA DA IDENTIDADE | CAIXAN° | PRMERA VA DA IDENTDADE | 54 | NO | CAIXA N° | No | 58 | 59 | 2.000.000/2.035.999 | 2.036.000/2.057.999 | N° | NO | ANOIPERODO | 1998""E"" | 2.258.000/2.099.999 | N°"
"IMG_8231","IMG_8231.jpg","Sala Instituto de Identificacao","1; 2; 4; 3; 5; 6; 1966; 8","100.300; 102.303; 104.105; 105.106; 100.000; 101.999; 102.000; 103.999","1966; 1967; 1968; 1970; 1969","","","0.849","91.100.300 | 92 93 | 93.94 | 96.97 | Referência | Referência | Referaeia | Referincla | 5 | Referéncia | INSTITUTO TÉCNICO-CIENTÍFICO DE | INSTITUTO TÉCNICO-CIENTÍFICO DE | 窗 | PERICIA DO RIO GRANDE DO NORTE | PERICIA DO RIO GRANDE DO NORTE | INSTITUTO TÉCNICO-CIENTIFICO DE | PERICIA DO RIO GRANDE DO NORTE | INSTITUTO TÉCNICO-CIENTIPICO DE | wSTTUuTo De IDENmncACLo | INSTTUTOSETOR | INSTITUTO DE ICENTIFICAÇÃO | PERICIA DO RIO GRANDE DO NORTE | PERICIA DO RIO GRANDE DO NORTE | INSTITUTO TÉCNICO-CIENTIFICO DE | IDENTFICAÇÃO cVIL | CLASSIFICAÇÃO | IDENTICAÇÃD CVL | NSTTVToETOR | NSTTTUTO DE IDENTInICAÇÃO | NSTITUTORETOR | NaTTUTO DE IDENTeICAÇÃo | PERICIA DO RIO GRANDE DO NORTE | CLASSIFICAÇÃO | DENTRICAÇko CNL | CLASSIPICAÇÃO | DENTFcAÇÃO CVL | TVTo4TOR | HaTTUTO DE IpENTIPICAÇÃO | MnVrOMTOn mSTETUTD.GESENTCACAO | DoOUDENEO | RONTUAROO DE DENTFICAÇÃO | oMENTo | DoSENT0 | CLASSIFICAÇÃO | DENTIncAÇko cL | CLAssurICAÇÃO | CENTrICAÇÃo cVE | CAIXAN° | 1 | CAIXA N° | 2 | CAIXAN° | toe INTo | CAIXA N° | 4 | WTUARO DE DENTVICAÇÃO | Do DEwto | 3 | N° | CAIXAN° | 5 | CAIXAN° | NP | N° | 6 | 90.200/90.999 | 91.000/91.999 | Ns | 1966 | 92.000/92.999 | 93.000/93.999 | No | N° | ANO/PERÍODO | ANOIPERIOCO | 1966 | ANOIPERIODO | 1966 | ANO/PERIODO | 1967"
"IMG_8232","IMG_8232.jpg","A classificar","23; 21; 22; 24; 30; 26; 27; 25","129.130; 129.000; 129.999; 126.000; 127.999; 130.000; 130.999; 128.000","1970; 1971","","","0.769","129.130 | referéncia | Referéncia | 128 | 8 | INSTITUTO TÉCNICO-CIENTIFICO DE | INSTITUTO TÉCNICO-CIENTÍFICO DE | PERICIA DO RIO GRANDE DO NORTE | INSTITUTO TÉCNICO-CIENTIPICO DE | PERÍCIA DO RIO GRANDE DO NORTE | dm/mDSETOR | wSTTUTO DE DENTFCACko | INSTITUTO TÉCNICO-CIENTIFICO DE | aSTm705ETOR | INSTTUTO DE IDENTIFICAÇAO | PERICIA DO RIO GRANDE DO NORTE | CLASSFICAÇÃO | PERÍCIA DO RIO GRANDE DO NORTE | CLASSIFICAÇÃD | CENhnCAÇÃo CML | NSTT/noSETOR EThuTO DE DOERcAÇAO | CENTFCACAO CVL | Tvro8Etoe | NsEmurgCEOENTcaÇko | CLASsrCAÇÃo | DENTFICAÇAD CN | DooOENTo | RONrakROO DE IDENT | nFICAÇÃO | CLASSIFCAÇÁO | RONTUAIO DE DENTPCAÇkO | DENTrICAÇAo CVs | OMENTO | RONTukRO DE DENmPCAÇAO | CAIXAN° | 23 | PRONTUAID DE DENTBEAÇAD | CAIXAN° | 21 | CAIXAN° | 22 | CAIXAN° | 24 | NP | N° | N° | 129.000/129.999 | 126.000/127.999 | AND/PERIODO | 1970 | 130.000/130.999 | h | ANDIPERODO | 128.000/128.999 | 1970 | ORAERVACIG: Ag | AND IPERIODO | ANO /PERUIODO | 1970 | OBSERNAçkG kg | C0 | arquivo | Replat | rquivo | Betreart | 24 | 338.1ce | 135.136 | 333.134 | 134.135 | 130.133 | 9.5o0 | Refertncia | 8 | 8 | 8 | 5 | NSTITUTO TÉCNICO-CIENTIFICO DE | INSTITUTO TÉCNICO-CIENTIFICO DE | INSTITUTO TÉCNICO-CIENTFICO DE"
"IMG_8234","IMG_8234.jpg","Sala Instituto de Identificacao","37; 38; 39; 40; 41; 1972; 45; 43","155.156; 956.157; 153.154; 151.000; 151.999; 152.000; 152.999; 153.000","1972; 1971","","","0.854","1531.152 | J52.153 | 155.156 | 956.157 | 153.154 | Referéncia | Referència | Roferdncla | 8 | PERICIA DO RIO GRANDE DO NORTE | INSTITUTO TÉCNICO-CIENTIFICO DE | PERICIA DO RIO GRANDE DO NORTE | INSTITUTO TÉCNICO-CIENTIFICO DE | PERICIA DO RIO GRANDE DO NORTE | INSTITUTO TÉCNICO-CIENTÍFICO DE | 3 | NRRTVIDSMRORNETITUTODE IDENTECAÇAO | MTVTOMTOR mSTITVID DEIDENTFICAÇAO | PERICIA DO RIO GRANDE DO NORTE | PNS | CLAssrCAÇkO | DENTFCAÇko CNE | aImuTOISETOR | NETITVTO DE DENTrcAcko | UTorSETOR | NSTITUTo DEIDENTFICAÇkG | PERÍCIA DO RIO GRANDE DO NORTE | INSTITUTO TÉCNICO-CIENTIFICO DE | CLASSFICAÇÃO | DENTuCAÇÃo cVL | CLASMFCAÇÃO | IDENTFICAÇÃo CVL | BDGOLDENTO | ssiFICAÇÃo | IDENTFICAGÃO CVL | PRONTUARO DE IDENTncAÇkO | W5TVT0ETDR | NSTTUTD DE IDENTFCAGÃO | NTUARO DE IDENTFCAÇÃO | CLASSFICAÇÃO | CLASS | CAIXAN° | 37 | CAIXAN° | DENTFICAÇÃO CVL | Do0os | CAIXA N° | 38 | 39 | CAIXAN° | 40 | DOo DENTto | CAIX | C | N° | N° | N° | NO | CAIXA N° | 41 | 151.000/151.999 | 152.000/152.999 | 153.000/154.999 | 155.000/155.999 | ANOIPERIOGO | 1972 | No | AMO PERIODO | 1971 | ANOIPERIOCO | 1971 | ANO/PERÍODO | 1971 | 156.000/156.999 | COSERVAÇÃDA | DBSERVAÇÃD: Ag | ANDIPERiODO | 1972 | HOURV | raqlo"
"IMG_8235","IMG_8235.jpg","Sala Instituto de Identificacao","58; 55; 56; 57; 59; 54; 65; 64","171.000; 179.000; 180.999; 178.000; 178.999; 182.000; 182.999; 173.000","1972; 1973; 1974; 198199","","","0.823","1972 | 4 | 171.000/171.29 | N° | ANDIPERODO | Selyor! | CesUvClo yarta | Rolycart | glaptac | nabert | Balvcart | INSTTUTODEIDENTICACÃOn | 2.73 | 18.182182.183 | kelerincia: | Referéncia | Referência | Referência | Referéncla | INSTITUTO TÉCNICO-CIENTÍFICO DE | INSTITUTO TÉCNICO-CIENTÍFICO DE | INSTITUTO TÉCNICO-CIENTiFICO DE | INSTITUTO TÉCNICO-CIENTÍFICO DE | INSTITUTO TÉCNICO-CIENTÍFICO DE | INSTITUTO TÉCNICO-CIENTÍFICO DE | PERICIA DO RIO GRANDE DO NORTE | PERÍCIA DO RIO GRANDE DO NORTE | PERICIA DO RIO GRANDE DO NORTE | PERICIA DO RIO GRANDE DO NORTE | PERICIA DO RIO GRANDE DO NORTE | PERÍICIA DO RIO GRANDE DO NORTE | NSTTUTO/SETOR | INSTITUTO DE IDENTFICAÇÃO | INSTTUTOSETOR | INSTITUTO DE IDENTIPICAÇÃO | INSTITUTO/SETOR | INSTITUTO DE IDENTICAÇAD | NSTITUTOsETOR INSTITUTO DE DENTVICAÇÃO | STTUTOsETOR | INSTITUTO DE DENmnCAÇÃO | TTUTD/SETOR | INETITUTO DE IDENTFICAÇÃO | CLASSIPICAÇÃO | IDENTIFICAÇÃO CIVIL | CLASSIFICAÇÃO | IDENTFICACÃO CML | CLASSIFICAÇÃO | DENTIFICAÇÃO CIVIL | CLI SSIFICAÇÃO | DENTFICAÇÁo CIVL | GLASSIFICAÇÃO | IDENTFICACÃo CVL | LSSIFICAÇÃO | IDENTIFICAÇÃO CIVL | TIPO DE | PRONTUÁRIO DE IDENTIFICAÇÃO | PRONTUARIO DE IDENTIPICACÃO | PRONTUARO DE IDENTFICAÇÃO | RONTUÁRID DE IDENTPICAÇÃO | DDCUMENTO | PRONTUARO DE IDENTFICAÇÁD | PRONTUARIO DE IDENTVFICAÇÃO | DOCUMENTO | CAIXAN° | CAIXAN° | CAIXA N° | 58 | CAIXAN° | 55 | CAIXA N° | 56 | 57 | 59 | CAIXA N° | 54 | N° | N° | N° | NO | NO"
"IMG_8236","IMG_8236.jpg","Sala Instituto de Identificacao","75; 76; 77; 197; 79; 80; 78; 81","201.202; 204.205; 201.000; 201.999; 203.000; 203.999; 204.000; 204.953","205016; 1973; 207208; 2082e8; 1974","","","0.851","201.202 | 2 | Reterència | 204.205 | Refurincia | 205016 | Pmdof | PERICIA DO RIO GRANDE DO NORTE | Referéncip | m/noserOR | NETITVTODE DENTACAÇAO | 8 | KeiensF o | SinCAÇAO | DENmrcAÇAo CVn | PERICIA DO RIO GRANDEDO NORTE | INSTITUTO TÉCNICO-CIENTIFICO DE | 8 | NatmvnoMTOA | IXAN° | CLAstrCAÇÃO | NSTIVTO SE EENTRCACLG | PERICIA DO RIO GRANDE | INSTITUTO TÉCNICO-CIE | 72 | esy jDE | CENTrCAÇko cn | NITITVTOsETOg | STmvio osoy | 名 | 5TF | PERICIA DO RIO GRANDE DO NORTE | CCTuso DE RENTFCACLG | CAr | wSTTUTO | No | CAIXA N° | CLASSPICAÇÃo | IDENTrcAciocIn | TeoDENTo | CLASSIFIGAÇÁG | yToraETon | SEmUTD DE IDENTncAÇLO | 201.000/201.999 | 74 | TeeDEINTo | DENtrcacio-cNL | ANO / PERIODO | 1973 | CAIXA N° | ACA6 A | No | 75 | 203.000/203.999 | CAIXAN | 76 | CAIXAN° | ANOIPLRcOO | 204.000/204.953 | No | 77 | CeERVCÃO. k | 197 | ANIOIPERIOOO | 205.00020 | aSERVacAD: A | 1973 | 1206.999 | N | ANOIPERK DO | AH011ERonK | RayEart | 19 | Rtriart | Batyeart | Belyeart | Baycart | VDN | 2 | 207"
"IMG_8237","IMG_8237.jpg","Sala do IML","84; 85; 86; 87; 88; 89; 94; 95","212.233; 213.214; 214.215; 216.217; 212.500; 212.999; 213.000; 213.999","1974; 2002-20","","","0.823","HOLy88P! | 212.233 | 213.214 | 214.215 | 216.217 | 21721 | Referência | tEterina | elrênca | Referència | Referência | INSTITUTO TÉCNICO-CIENTÍFICO DE | PERICIA DO RIO GRANDE DO NORTE | INSTITUTO TÉCNICO-CIENTÍFICO DE | INSTITUTO TÉCNICO-CIENTÍFICO DE | PERICIA DO RIO GRANDE DO NORTE | PERICIA DO RIO GRANDE DO NORTE | INSTITUTO/SETOR | INSTTUTO DE IDENTIFICAÇÃO | INSTITUTOISETOR | INSTITUTO TÉCNICO-CIENTÍFICO DE | INSTITUTO/SETOR | NSTITUTO DE IDENTFICAÇAO | INSTITUTO DE IDENTFICAÇÃO | PERICIA DO RIO GRANDE DO NORTE | INSTITUTO TÉCNICO-CIENTIFICO DE | CLASSIFICAÇÃO | CLASSIFICAÇÃO | PERICIA DO RIO GRANDE DO NORTE | INSTITUTO TÉCNICO-CIENTIFICO DE | IDENTIFICAÇÃO CIVIL | CLASSIFICAÇÃO | IDENTPICAÇÃo CIVL | NSTITVTOSETOR | INSTITUTO DE IDENTIPICAÇÃO | NSTITUTOSET0R | PERICIA DO RIO GRANDE DO NORTE | TIPO DE | IDENTIFICAÇÃO CIVIL | CLASSIFICAÇÃO | DENTIcAÇko cML | NSTTVTO DE DENTICAÇÃO | DOCUMENTO | PRONTUARIO DE IDENTIFIC.AÇÃO | TIPO DE | PRONTUARO DE DENTICAÇÃO | CLASSFICAÇÃO | NSTITutOsETOR | DENTIFICAÇko CVL | CLASSIPCAÇkD | NITTVTO DE DENTrcAÇkO | CIML | DOCUMENTO | PRONTUARIO DE IDENTIFICAÇÃO | CAIXAN° | CIVIL | CAIXA N° | CIVIL | TIPODE | PRONTuARIO DE DENTFICAÇAO | TPO DE | DENtICAcko cIL | 84 | CAIXA N° | 85 | 86 | DOCUMENTO | CVL | DOCUMENTO | RONTUkRO DE CENTICAÇio | C | DOcuWENTo | TPODE | CAIXA N° | 87 | CAIXAN° | 88 | CAIXA N° | NO | NO"
"IMG_8238","IMG_8238.jpg","Sala Instituto de Identificacao","1974; 94; 95; 97; 98; 99; 100; 101","219.000; 219.999; 220.000; 220.999; 221.000; 221.999; 222.000; 223.999","1974; 2002-2013; 1975","","","0.796","219.000/219.999 | CAIXA N° | FICAÇÃO | DOCUMENTO | TIPO DE | FCAcloCVz | CLASSFICAÇÃO | aSTITUTO DEDONTIcAÇAO | NORTE | ANOIPERIODO | No | 93 | PRONTUARO DE DENTFICAÇÃO | OBSERVACAO: Aguardando restauracBO | 220.000/220.999 | CAIXA N° | CIVIL | TIPODE | DENTFICAÇÃo CVL | 1974 | DOCUMENTO | 94 | LISTA DE CONTROLE | ANOIPERIODO | 221.000/221.999 | No | OBSERVAÇAO:Aguardando restauração | CAIXAN° | PRMEIRA VIA DA IDENTOADE | 1974 | ANO/PERIODO | No | 95 | OBSERVAÇÃO: Aguardando restauraçlo | 222.000/223.999 | aalue-nt | 1974 | ANO/PERIODO | 224.000/224.499 | No | eyUaIT | OssER/ACAO Apuardande rnswacls | 1974 | Balyeart | OBSERVAC.O: Apwrdando reaturaçla | ANO/PERODO | 1974 | nEyeaPt | ayrapt | Roigeart | Rayeart | 224.225 | 225.226 | 226.227 | 224.227 | Reterêncla | 227228 | 228.229 | Referência | 19 | Referêncla | 国 | Eute: | Referinecia | INSTITUTO TÉCNICO-CIENTÍFICO DE | PERICIA DO RIO GRANDE DO NORTE | INSTITUTO TÉCNICO-CIENTÍFICO DE | 图 | PERICIA DO RIO GRANDE DO NORTE | INSTITUTOVSETOR | INSTITUTO DE IDENTIFICAÇÃO | INSTITUTO TÉCNICO-CIENTÍFICO DE | PERICIA DO RIO GRANDE DO NORTE | INSTITUTO TÉCNICO-CIENTIFICO DE | CLASSIFICAÇÃO | INSTUTOSETOR INSTITUTO DE IDENTFICAÇÃO | PERICIA DO RIO GRANDE DO NORTE | INSTITUTO TÉCNICO-CIENTIFICO DE | PERICIA DO RIO GRANDE DO NORTE | PERICIA DO RIO GRANDE DO NORTE"
"IMG_8239","IMG_8239.jpg","Sala do IML","107; 108; 109; 110; 111; 112; 9; 113","238.239; 239.240; 242.243; 236.237; 237.238; 236.000; 236.999; 237.000","1974; 1975","Protocolo","Livros","0.841","238.239 | 239.240 | He241 | 242.243 | 0子 | 236.237 | 237.238 | 鑫到国素 | Referência | Raferénela | Referência | 厦 | 8 | INORDE | PERICIA DO RIO GRANDE DO NORTE | INSTITUTO TÉCNICO-CIENTIFICO DE | INSTITUTO TÉCNICO-CIENTIFICO DE | PERICLA DO RIO PRANDE DO NORTE | PERICIA DO RIO GRANDE DO NORTE | INSTITUTO TÉCNICO-CIENTIFICO DE | CAÇAO | PERICIA DO RIO GRANDE DO NORTE | PERICIA DO RIO GRANDE DO IORTE | insmrvrOETOw | NETVTO PE SENncAÇAQ | wsnTVToserOR | NSTTUTO DE RENeACko | ASTITUTO DE IDENTFCAÇko | INSTTVTOdETOR | INSTITVTO DE DENTIFICAÇAO | wSTTVTOSETOR INSTITVTO DE DENWICAÇÃO | NgmurocTOR | CLASSPICAÇAD | DENTncAÇÃo CVm | NSTFVTDSE10R | NSTTVTO DE DENTEICACAO | nWcAÇAO | CLASsFICAÇÃo | IDENTFICAÇÃO CVL | CLAsSPICAÇÃO | iDENTIFCAÇÃO CIVIL | CLASSFICAÇÃD | CENTRCAÇAO CAL | CLASsrCAÇÃO | DENTFICAÇAD CVL | CLASSIFICAÇÃO | DODENTO | DENTIPICAÇÃO CNVL | DoEINTO | RONTUARIO DE DENTFICAÇAO | soeGENTo | PRONTUARO DE IDENTPICAÇÃD | DoODENEO | 0 | RONmuisco de | BoeDENTo | RONTUARO DE DENTPICAGAO | TOOMENTo | NTUARo DE IDENTFiICAÇÃO | CAIXA N° | 107 | CAIXAN° | 108 | CAIXA N° | 109 | CAIXA N° | 110 | CAIXA N° | 111 | CAIXAN° | 112 | N° | N° | N° | N° | N° | 9 | N° | 1974 | 236.000/236.999"
"IMG_8240","IMG_8240.jpg","Sala Instituto de Identificacao","55; 54; 104; 98; 105; 82; 101; 8","115.176; 171.178; 177.000; 177.999; 730.000; 782.100; 175.000; 176.999","1973; 1975; 2010""B""; 1988-1999; 1928; 1974; 1993; 2002-2013","Protocolo","Livros","0.822","PROTOCOLO DE | PROTOCOLO DE | DIGITALIZAÇÃO | yeart | DICITALZACÃO | MPOSSIBLITADO PARA DIGTALIZAÇÃO | MPONSSILITADO PARA DIGITALIZAÇÃO | MPOSSIBILITADO PARA DIGITALIZAÇÃO | MPOSSIBILITADO PARA DIGITALZAÇÃO | EUT! | NS | sTTUTDMÉDIcoLECAL (ML) | 115.176 | 171.178 | VRefertocle | Referéncia | Raíarência | INSTITUTO TÉCNICO-CIENTÍFICO DE | PERICIA DO RIO GRANDE DO NORTE | INSTITUTO TÉCNICO-CIENTÍFICO DE | INSTITUTO TÉCNICO-CIENTIFICO DE | PERICIA DO RIO GRANDE DO NORTE | INSTITUTO TÉCNICO-CIENTÍFICO DE | INSTITUTO TÉCNICO-CIENTÍFICO DE | INSTITUTO TÉCNICO-CIENTIFICO DE | PERICIA DO RIO GRANDE DO NORTE | NSTUTOr TOR | NSTITUTO DE IDENTIFICAÇÃO | NSTTVTOSETOR | INSTITUTO DE IDENTFICAÇkO | PERICIA DO RIO GRANDE DO NORTE | PERICIA DO RIO GRANDE DO NORTE | PERICIA DO RIO GRANDE DO NORTE | JTOSETOR | NSTYTUTO DE DENTPCAÇko | CLASSPICAÇÃO | DENTIPICAÇÃo CNL | CLASIRCACÃO | DENTIFCaÇÃO CVIL | INSTITUTO | INSTTUTO DEIDENTFICAÇÃO | NSTTUTO/SETOR | INSTITUTO DE IDENTPICAÇÃO | NSTTUTOsETOR | NEITVTO DE IDENTICAÇAO | CLASMPCAÇÃO | DENTIRICAÇAD CNL | NTuÁRO DE IDENTIFICAÇÃC | BoEo | RONTukRIO DE DENTFICAÇAO | SETOR | ARQUVO CIVL | CLASSIFICAÇÃO | IDENTPICAÇÃO GVE | CLASSIFICAÇÃO | IDENFIFICAÇÁO CIVL | CAIXA N° | 55 | CAIXA N° | PRONTLARO | DOCODENTO | ONTUARO DE DENTFICAÇÃo | DO BEANTO | LSTA DE CONTHOLE | CAIXA N° | 54 | 104 | CAIXAN° | CAIXA N° | PRMERA VIA DA DENTIDADE | 98 | CAIXA N° | 105 | 82 | N° | 177.000/177.999 | No | 3.730.000/3.782.100 | N° | 175.000/176.999"
"IMG_8241","IMG_8241.jpg","Sala Instituto de Identificacao","3; 4; 2","","M A IO DE 2022; 2022; JULHD DE 2022","","","0.907","YITEP | ASSESSORIA JURÍDICA | 7603 | Referéncia | Local | INSTITUTO TÉCNICO-CIENTÍFICO DE | PERICIA DO RIO GRANDE DO NORTE | Data | NSTTUTO/sETOR | NSTITUTO DE IDENTIFICAÇÃO | Contsm | CLASSPICAÇÃO | IDENTIFICAÇÃO CVL | DOCUMENTO | AWAREICA | CAIXA N° | 3 | N° | COM NUMERAÇÃO | ANO/ PERÍCDO | X | pelycart | ASSESSORIA JURÍDICA | Referência | INSTITUTO TÉCNICO-CIENTÍFICO DE | PERICIA DO RIO GRANDE DO NORTE | INSTITUTO TÉCNICO-CIENTÍFICO DE | INSTITUTO TÉCNICO-CIENTÍFICO DE | INSTITUTO TÉCNICO-CIENTIFICO DE | INSTTUTO DE IDENTFICAÇÃO | PERICIA DO RIO GRANDE DO NORTE | INSTITUTO DE IDENTIFICAÇÃO | PERICIA DO RIO GRANDE DO NORTE | INSTITUTO TÉCNICO-CIENTÍFICO | DE PERICIA DO RIO GRANDE DO | INSTITUTOSETOR | SUBCOORDENADORIA DE | INSTITUTO TÉCNICO-CIENTÍFICO DE | INSTITUTO DE IDENTIFICAÇÃO | INSTITUTOISETOR | SUBCOORDENADORIA DE | INSTITUTO DE IDENTPCAÇÃO | MCSSORORN | PERICIA DO RIO GRANDE DO NORTE | INSTITUTO/SETOR | MOSSORO.RN | INSTITUTO/SETOR | NORTE | JBCOORDENADORIA DE | INSTTUTO | CLASSIFICAÇÃO | IDENTIICAÇÃO GVIL | INSTITUTO DE IDENTPICAÇÃO | INSTTUTODE IDENTFICAÇAO | SUBCOORDENADORIA DE | CLASSIFICAÇÃO | IDENTIFICAÇÃO CIVL | CLASSIFICAÇÃO | IDENTFICAÇÃO CML | CLASSIFICAÇÃO | IDENTFICAÇÃo CIVIL | SETOR | LOCALIZAÇÃO | PRONTUÁRO CVIL-HBRDO | DENTIFICAÇÃO CVIL | TIPO DE | PRONTUARIO CIVIL-HiBRIDO | CLASSIFICAÇÃO | DOCUMENTO | PRONTUÁRIO CVIL | CAIXA N° | TIPO DE | PRONTUARIO CIVIL-HORIDO | 01.01.01.03 | CAIXA N° | TIPO DE | RONTUARIO CIVIL-HiBRIDO | CAIXA N° | CAIXA N° | aOCUMENTO"
"IMG_8242","IMG_8242.jpg","Sala Instituto de Identificacao","1; 99; 3; 5; 1928; 2; 6; 1993","","2022; M A IO DE 2022; 1928; 1993","Protocolo","Livros","0.886","ANOIPERÍODO | O9 DE JANEIRO A | DE MARIÇO DE 2622 | INEORMADA | MAÇAO DE REGISTRO GERAL | ANO/PERIODO | DE SETEMBRO DE | JEIRAS E SEO | IDASVAS | 2022 | OBSERVAÇÃO: | OBSERVAÇÃO: ALOUNS PRONTUARIOS SEM DATA | 1 DE ABRIL Á 31 DE | ANOIPERIODO | MAIO DE 2022 | OBSERVAÇÃO: | Arquivo | Aalat | Arguivo | Arguivo | BAlyeart | Arquivo | Arguicu | Prático | Prático | Práico | Prático | Pritico | ASSESSORIA JERIDNCA | INSTITUTO TÉCNICO-CIENTÍFICO DE | INSTITUTO TÉCNICO-CIENTIFICO DE | INSTITUTO TÉCNICO-CIENTÍFICO DE | INSTITUTO TÉCNICO-CIENTÍFICO DE | PERICIA DO RIO GRANDE DO NORTE | INSTITUTO TÉCNICO-CIENTIFICO DE | INSTITUTO TÉCNICO-CIENTÍFICO DE | PERICIA DO RIO GRANDE DO NORTE | PERICIA DO RIO GRANDE DO NORTE | PERÍCIA DO RIO GRANDE DO NORTE | INSTITUTO DE IDENTFICAÇÃO. | PERICIA DO RIO GRANDE DO NORTE | PERÍCIA DO RIO GRANDE DO NORTE | INSTITUTO DE IDENTFICAÇÃO | NSTTUTO/SETOR | INSTITUTO DE IDENTFICAÇÃO | INSTITUTO | INSTITUTO DE IDENTFICAÇÃO | INSTITUTO/SETOR | NSTTUTOSETOR INSTITUTO DE DENTWICAÇÃO | INSTTUTO DE IDENTFICAÇÃO | NSTITUTOSETOR | SUBCOORDENADORIA DE | CLASSIFICAÇÃO | IDENTIFICAÇÃO CIVL | SETOR | ARQUIVD CIVIL | CLASSIFICAÇÃO | IDENTIFICAÇÃO CIVIL | CLASSIFICAÇÃO | IDENTIFICAÇÃO CIVIE | NSTITUTOSETOR | SUBCOORDENADORIA DE | IDENTFICAÇÃD CIVIL | PO DE | FICHA DE PRONTUÁRIO DACTELAR | TIPODE | PRONTUARO | DCORMENTo | FICHA DE LOCALZAÇÃO DE | CLASSIFICAÇÃO | DOCUMENTO | DOCUMENTO | TIPO DE | FICHA DE PRONTUARIO DACTSLAR | CAIXA N° | CAIXAN° | ALFABETICA | CLASSFICAÇÃD | IDENTPICAÇÃO CVIL | TPO DE"
"IMG_8243","IMG_8243.jpg","A classificar","2014; 93; 91","000.000; 049.999; 599.999; 600.000; 649.999; 350.000; 399.999; 900.000","2022; 1982; 2014* A ""; 2014; 2015; 2012; 2017""C""; 2017“B""","","","0.787","2022 | 1982 | E | 15 | 14 | Arquivo | 137 | Fácil | CONTROLE DE NÓMERAÇÃO | DEIDENTIDADE | 22 | 23 | 20 | 24 | 951.00 | 3.000.000 | arquiv | 3.049.999 | ertert | HOvart | 30 | NGE.DONOINTE | 61mn TICMCOCENTFICO 1E | MSTT/TO TECNCO-CENTFCO DE | CAEAN | PEte | stttmS6.OpnecAcIO | PERCADO RIO GRANIE DO NORTE | NSTITUTO TECNCO-CIENTiICO DE | 86 | 87 | CAXAN | nnngNe | PERICIA DO RIO GRANDE DO NORTE | INSTITUTO TÉCNICO-CIENTIFICO DE | 88 | CLASSFCA(kG | nonmro DcENTEceÇAo | thUAnAnsm | 1AW005AS90 | NE | CADXAN | Teoeons | GanRCAckoC% | aNmmyTortET0m aSTmUTO bEpEmeEAÇkO | MATV0HYGR | 1.5501003.599.999 | LSTA IE GONTROLE | CLASICAÇAD | INaTTITO DEIDENmPcAÇAD | 2014*A"" | 89 | LAStiFCAÇkD | eNTincACAo Gn. | eoEeNTto | CENTHICAÇAO CIVIL | 2A3 | CADXAN | eo ENTo | LIRTA DE CONTROLA | LIGTA DEL CONTROLE | INSTITUTO TÉCNICO-CIENTIFICO DE | PERICIA DO RIO GRANDE DO NORTE | INSTITUTO TÉCNICO-CIENTIFICO DE | 2614*8 | 3.600.000/3.649.999 | 84 | MUPA VIA DAGSNTORCE | PERICIA DO RIO GRANDE DO NORTE | PRIMEIRA VIA DA IDENTICADE | INSTITUTO TÉCNICO-CIENTIICO DE | CAIXAN | CAIXAN | NBTTyToSTOR | INETITVTO DE IDENTECAÇAG | NSTTUIOMETOR | INSTTuTO DE cENmrcAÇAD | PERICIA DO RIO GRANDE DO NORTE | 2014 | 3.350.000/3.399.999"
"IMG_8244","IMG_8244.jpg","A classificar","86; 99; 20; 81; 87; 100; 80; 83","450.000; 499.999; 549.999; 125.000; 125.999; 200.000; 249.999; 100.000","2013; 2014"" A ""; 2010"" A; 2009; 2011; 20148""; 2019; 2020","","","0.741","E | 59 | 202-0Z02 | C20Z | DOcoUG | 2uE | 40- | Arquivo | nolycart | J993 | Arquivo | Arquivo | Data | Fica erquvads a | eFial | NovaOnda' Polibras | Arquivo | Novalnda olre | epu | Daiat | Fa arqurade ail | NovaOnda' Polbras | Comiem | ote: | rpawle | 3明 | 丽 | J25.126 | ArquivO | Raferéncia | INSTITUTO TÉCNICO-CIENTÍFICO DE | NRICA DO MIO GRANDE DONORTE | HSTTTUTO/SETOR | INSTITUTO TÉCNICO-CIENTIFICO DE | INSTITUTO DEIDENTPICAÇAO | NSTm/tascTOa | PERICIA DO RIO GRANDE DO NORTE | INSTITUTO TÉCNICO-CIENTIFICODE | INSTTUTO TÉCNICO-CIENTIrcODE | PERCA DO RO GRANCE N RORE | NETTVTO rECAcocENrcoE | CLADSIFICAÇÃO | INSTITUTO/ETOR | CLASSVICAÇÃO | wanuroCEDENTEcACÃO | PERICIA DO RIO GRANDE DO NORTE | NSTITVTO TECNCOCENTICOE | PERCHA DO RD GRANEP2 MWE | n | IDENTIPICAÇÃO CIVIL | CLASSIPICAÇÃO | ANSITUTO DE IDENTECAÇÃO | IDENTFICAÇAO ONIL | INaTTTosrt0e | NInEVTO DEIDENTICAÇAC | aavroseron asnmrpee eencecke | PERICIA CO RIO GRANDE DO NORT | MAFCAgA | mut-stoe | BODNENTo | oUnSTEE onoge | LAUPNACAS | VNneerssE | LJSTA DE CONTROLE | ADENTFICAÇAO CIVIL | CLASSFICAÇÃO | DENTvICApAo cwa | CLAssFICAÇAO | DEwTrcAÇÃo-cs | AMene aeRrcpL | oows | SNENTICE2S | rotiwo | recle as | DOoDENTO | LISTA DE CONTRDLE | CAIXA N° | DeRENTo | LSTA OE CONTROLE | o euto"
"IMG_8245","IMG_8245.jpg","A classificar","38; 105; 82; 40; 41; 37; 67; 1992","213.214; 234.093; 461.000; 520.999; 531.000; 540.999; 530.999; 371.000","1978; 20109; 1993; 1994; 1964; 1992; 1995"" A ""; 2003","","","0.861","212233 | 213.214 | Ge7car | B6 | PERICIA DO RIO GRANDE DO NORTE | INSTITUTO TÉCNICO-CIENTIFICO DE | PuIge MERPORCOTrCÇAO | CA D0 RIO GRANCE DO NORTE | FCAÇiO | UGTA DE OONTROLE | RAWADA IDENTOADE | CAIXAN' | 38 | AIRAN | 105 | AINAN | 82 | CADCAN | 40 | N | 31.0/234.093 | 3.250 000/3.299 09 | 39 | 1.461.000/1.520.999 | 1978 | 20109 | Ne | e | 1.531.000/1.540.999 | ANOIPERODO | 1993 | 1521.000/1.530.999 | 1994 | INSTITUTO TÉCNICO-CIENTÍFICO DE | PERICIA DO RIO GRANDE DO NORTE | eatrart | Al | 1964 | MEIVOMTOR NSTITUTO DE IDENTICAÇÃO | PERICIA DO RIO GRANDE DO NORTE | NSTITUTO TÉCNICO-CIENTIFICO DE | CLASSICAÇÃO | lDENTncAÇÃo cVL | INSTITUTO TÉCNICO-CIENTIFICO DE | NmooSETOR NSTITUTO DE DENTHICACAD | BoDENI | USTA DE CONTROLE | PERICIA DO RIO GRANDE DO NORTE | INSTTUTOrBETOR | INSTTUTO OE OENTRCAÇAO | CLASSIFICAÇÃO | DENTFICAÇÃO CVL | PRMERA VADAICENTDADE | 36 | INSTTUTOMETOR INSTTUTO CE DENTPCAÇAO | CAIXAN° | CLASSIFICAÇÃO | DENTIFICAÇÃO CIVIL | CLASSIFICAÇÃO | IDENTrICAÇAo cVL | nalycart | USTA DE CONTROLE | DooOENTo | LISTA DE CONTROLE | LUSTA DE GONTRIOLE | palycart | PRMERA WIA DA IDENTOADE | CAIXAN° | 41 | No | PRIMEIRA VA DA IDENTDADE | PRIHMCIRA VA DA IDENTIDADE | CAIXAN° | 37 | CAIXA N° | 67 | 1.371.000/1.399.999 | Ne | 1.541.000/1.599.999 | ANDIPERIODO"
"IMG_8246","IMG_8246.jpg","A classificar","","125.126; 150.000; 199.999","","","","0.875","AN ARO | 125.126 | CONTROLEDENLMERAÇÃO | WERAÇÃO | DEIDENTDADE | LOE | 3.150.000 | 000 | 3.199.999 | 999"
"IMG_8247","IMG_8247.jpg","Sala Instituto de Identificacao","41; 1992; 78; 2008","371.000; 399.999; 400.000; 460.999; 599.999; 050.000; 099.999; 200.000","1992; 1995° A ""; 2008","","","0.942","N | 37 | CAIXA | CAIXAN° | 1.371.000/1.399.999 | 41 | 1992 | NO | ANO/PERIODO | 2.5 | N | 1.400.000/1.460.999 | 0/1.599.999 | 1992 | ANO/PE | 1995°A"" | ANO/PERIODO | 00 | 0.000 | 2P | 42oo. | 49.999 | Referência | INSTITUTO TÉCNICO-C | INSTITUTO TÉCNICO-CIENTÍFICO DE | PERÍCIA DO RIO GRAN | PERÍCIA DO RIO GRANDE DO NORTE | INSTITUTO DEI | INSTITUTO/SETOR | INSTITUTO DE IDENTIFICAÇÃO | INSTITUTO/SETOR | IDENTIFICAÇÃO | CLASSIFICAÇÃO | IDENTIFICAÇÃO CIVIL | CLASSIFICAÇÃO | LISTA DE CONTI | TIPO DE | LISTA DE CONTROLE | TIPO DE | PRIMEIRA VIA D | DOCUMENTO | DOCUMENTO | 1 | PRIMEIRA VIA DA IDENTIDADE | CAIXA N° | 78 | CAIXAN° | No | NO | 3.050.000/3.099.999 | 4.200.000/4.24 | 2008 | ANOIPERÍODO | ANO / PERÍODO | VACAO | OBSERVAÇAO | Gouvo"
"IMG_8248","IMG_8248.jpg","Sala Instituto de Identificacao","1993; 41","461.000; 520.999; 531.000; 540.999; 521.000; 530.999; 541.000; 599.999","1993; 1994; 1995“ A ”; 2022","","","0.855","CO-CIENI | LISTADE CONTROLE | GRANDE DO NORTE | TIPODE | NO | DOCUMENTO | PRIMERAVIA DAIDENTIDADE | 40 | TTUTO DE IDENTFICAÇÃO | CAIXAN° | 1.461.000/1.520.999 | INS | CENTPICAÇÃO CVL | 1993 | PER | USTADECONTROLE | NO | ANOIPERIODO | 30 | PRMERAVIADA IDENTIDADE | NSTITUTos | 39 | 1.531.000/1.540.999 | AXAN | 1994 | OBSERVAÇÃO: | ANO IPERIODO | CLASSIFICA | INSTITUTO TÉCNICO-CIENTÍFICO DE | NO | OBSERVAÇÃO: | PERÍCIA DO RIO GRANDE DO NORTE | TIPO DE | 1.521.000/1.530.999 | INSTTUTO DE IDENTIFICACÇAO | 1994 | INSTITUTO/SETOR | DOCUMENTC | NOIVEc0O | CLASSIFICAÇÃO | IDENTIFICAÇÃO CIVL | CAIXA | NALG | polycart | LISTA DE CONTRIOLE | DOCUMENTO | TIPO DE | PRIMEIRA VIA DA IDENTIDADE | 41 | CAIXA N° | 16/waqee | 1.37 | palycart | aonid | sOn, rep | twALo7 | No | ANO | 1.541.000/1.599.999 | 1995“A” | ANO / PERIODO | CBSERVACAO | 102 | N | 2022 | C | sswneety | 0.000/4.299.999 | GMERAAGAS | CONTROLEDE NÓMERAÇÃO | COMTROLEDE NOMERACÃO | DEIDENTIDADE | 000 | DEIDENTIDADE | 3.500.000 | CONTROLE DE NÚMERAÇÃO | O/PER0D0 | 3.300.000 | 3ovolNaala0 | 666"
"IMG_8249","IMG_8249.jpg","A classificar","","217.218; 221.222; 222.223; 220.221; 461.000; 520.999; 531.000; 371.000","1992; 1995* A ""","","","0.772","217.218 | 216217 | 2/4215 | 212213213279 | 224225 | 1757 | 221.222 | 222.223 | NE | 220.221 | PECA O IC GR4NCE DO MCRE | CACKANP | 38 | CLEAR | 40 | 39 | Su | NP | 1.461.000/1.520.999 | 电531.000/1540.939 | 53电999 | 13 | 1393 | 6.227 | UTO TECNOO-CENmiFCO CE | E | TO TECNCD-CENTFICD CIE | PERTCA DO SIO GRANCE CO NORTE | galycart | uart | CADXANP | 36 | 2 | CADXANP | 41 | Ne | Nr | 1.371.000/1.399.999 | 1.541.000/1.599.999 | CADXA NP | 1992 | 1995*A"" | dNo | 1.400.000/1.4 | AcACG | .000 | LEDEinEERAc | 3.500.000 | DLEGNED | 999 | REDEN | 3.450.000 | 3.300.000 | 50.000 | 3.549.999 | 3.499.999 | 3.349.999 | 99.999 | Arouivo | Alaptass | CONTROLE LE NOMERACAO | DE IDENTDADE"
"IMG_8250","IMG_8250.jpg","Sala Instituto de Identificacao","2022; 2018","250.000; 299.999; 400.000; 449.999; 950.000; 999.999","2030; 2022; 2018","","","0.911","9 | 399P | 1531.000/1.5 | 1530.99 | C25O. | 2030 | INSTITUTO TÉCNICO-CIENTÍFICC | PERÍCIA DO RIO GRANDE DO NC | INSTITUTO DE IDENTIFICAS | INSTITUTO/SETOR | IDENTIFICAÇÃO CIVIL | CLASSIFICAÇÃO | LISTA DE CONTROLE | TIPO DE | PRIMEIRA VIA DAIDENTID | DOCUMENTO | 102 | CAIXA N° | NO | 4.250.000/4.299.999 | 2022 | polyeart | ANO/PERIODO | OBSERVAÇAO: | CONTROLE DENÚMERAÇÃO | DEIDENTIDADE | 3.400.000 | 9g | INSTITUTO TÉCNICO-CIENTÍFICO DE | 3.449.999 | INSTITUTO DE IDENTIFICAÇÃO | NSTITUTO/DETOn | IDENTIFICAÇÃO CIVIL | CLASSIFICAÇÃO | LISTADE CONTROLE | PRIMEIRA VIA DA IDENTIDADE | 96 | CAIXA N° | NO | 3.950.000/3.999.999 | 2018 | ANO/PERIODO | grjuivo | OOSERVAÇAO:"
"IMG_8251","IMG_8251.jpg","Sala Instituto de Identificacao","","182.183; 950.000; 999.999","2007; 2006""C""; 2006","","","0.842","50 | 51 | catse | 53 | 48 | 1S | a | IN | PE | INSTTUT | CLASSIF | TIPODE | 2192 | CAIX | 18J.182 | 182.183 | 4 | 90 | 59 | ANO | O8SERVAC | Referencia | INSTITUTO TÉCNICO-CIENTÍFICO DE | INSTITUTO/SETOR | PERICIA DO RIO GRANDE DO NORTE | CLASSIFICAÇÃO | PERICIA DO RIO GRANDE DO NORTE | INSTITUTO TÉCNICO-CIENTÍFICO DE | INSTITUTO/SETOR | INSTITUTO DE IDENTIFICAÇÃO | CLASSIFICAÇÃO | CAIXA N° | IDENTIFICAÇÃO CIVIL | LISTA DE CONTROLE | CAIXA N° | INSTITUTO DE IDENTIFICAÇÃO | PRIMEIRA VIA DA IDENTIDADE | IDENTIFICAÇÃO CIVIL | LISTA DE CONTROLE | PRIMEIRA VIA DAIDENTIDADE | OY5WORINIO 3O OLALLSN | SOYGINBOI YO VIA YeEN | 2.950.000/2.999.999 | 666606'乙/000006乙 | 2007 | ooopuad/ONv | SL | 666670'8/000000'8 | 0 | ORSERVAÇÃO | No | TAD OYOYOLNBOI | TOHINOO aa VIs | OBSERVAÇÃO: | ANO/ PERIODO | No | N | 2006""C"" | OGOM34 1ONY | Arquivo | 2006 | NVXITO | Onnbie | 2007 | 量 | Novalnda' | 8"
"IMG_8252","IMG_8252.jpg","Sala Instituto de Identificacao","","950.000; 999.999","2018","","","0.933","eO | LE DENUMERAÇAO | EIDENTIDADE | 00.000 | 49.999 | NSTITUTO/SETOR | LASSIFICAÇÃO | INSTITUTO DE IDENTIFICAÇÃO | IDENTIFICAÇÃO CIVIL | PO DE | OCUMENTO | LISTA DE CONTROLE | AIXAN° | PRIMEIRA VIA DA IDENTIOADE | 96 | N° | 3.950.000/3.999.999 | PERIODO | 2018"
"IMG_8254","IMG_8254.jpg","A classificar","2005","750.000","2005","","","0.825","12 | NSTITUTO TÉCNco-cEMTFcoDE | PERICIA DO RIO GRANCEDONORTE | CLASSIFCAGiO | MPO CE | 72 | CAIXAN | Bgs | 2.750.000/2.793983 | 2005"
"IMG_8257","IMG_8257.jpg","Sala Instituto de Identificacao","2005","750.000; 799.999","2005","","","0.97","12 | INSTITUTO TÉCNICO-CIENTÍFICO DE | PERÍCIA DO RIO GRANDE DO NORTE | INSTITUTO DE IDENTIFICACAO | INSTITUTO/SETOR | IDENTIFICACÃO CIVIL | CLASSIFICAÇÃO | LISTA DE CONTROLE | TIPO DE | DOCUMENTO | PRIMEIRA | 72 | CAIXA N° | NO | 2.750.000/2.799.999 | 2005 | ANO/PERIODO | OBSERVACAG"
"IMG_8258","IMG_8258.jpg","Sala Instituto de Identificacao","73","800.000; 849.999","2006 "" A","","","0.915","ReAVaELBiaa | EPFiE | Ref: | INSTITUTO TÉCNICO-CIENTÍFICO DE | PERÍCIA DO RIO GRANDE DO NORTE | INSTITUTO/SETOR | INSTITUTO DE IDENTIFICAÇÃO | CLASSIFICAÇÃO | IDENTIFICAÇÃO CIVIL | TIPO DE | LISTA DE CONTROLE | DOCUMENTO | PRIMEIRA VIA DA IDENTIDADE | CAIXA N° | 73 | No | 2.800.000/2.849.999 | 2006 ""A | ANO/ PERIODO"
"IMG_8259","IMG_8259.jpg","Sala Instituto de Identificacao","19; 1970","124.000; 124.999","1970","","","0.959","Referência | INSTITUTO TÉCNICO-CIENTÍFICO DE | PERÍCIA DO RIO GRANDE DO NORTE | INSTITUTO/SETOR | CLASSIFICAÇÃO | INSTITUTO DE IDENTIFICAÇÃO | TIPO DE | IDENTIFICAÇÃO CIVIL | DOCUMENTO | CAIXA N° | PRONTUÁRIO DE IDENTIFICAÇÃO | CIVIL | 19 | 124.000/124.999 | NO | ANO I PERÍODO | 1970 | Balycart"
"IMG_8260","IMG_8260.jpg","A classificar","","700.000; 749.999","","","","0.953","Aiaplast | aixe | Arauivo | Referêr | CONTROLE DE NÚMERAÇÃO | DEIDENTIDADE | INS | 3.700.000 | 3.749.999"
"IMG_8261","IMG_8261.jpg","A classificar","6; 2023; 18; 2010; 13; 2025","","J A N/2024-; DEZ/2024; B/2019; 201 A -2019; 2023; 2010; 2025","","","0.881","aNSTITUTO TÉCNICO-CIENTIPICO DE PERICIA DO | oanVTO GE DENTCAÇAO | oricios | CLAswcAÇAD | IPD DE DOCUMENTD | 1 | CAIXAN° | N° DE CONTROLE | JAN/2024- | ANO/PEAIO0O | DEZ/2024 | cesemvacko | CP2.P18 | 6 | 89 | B/2019 | 201a -2019 | INSTITUTO TÉCNICO-CIENTÍFICO DE PERÍCIA DO | RIO GRANDE DO NORTE | NSTITVTO DE CENTICAÇÃO | oricos | CLASSICAÇAO | TPO DE DOCuWENTO | CAIXAN° | N° DE CONTROLE | 2023 | ANO/PERIODO | DesEaVaÇÃo | 18 | 2010 | CP2.P28 | 33 | 55 | 9 | 材 | AROUIVOG | ARQuIVO | 44 | CALRAN | 72 | RIO GRANDE DO NORTE | NSTTUTOREGIONALSETOR | CLASSIPCAÇÃO | NSTITUTO DE GENTRICAÇÃO | TIPO DE DOCMENTO | BICS | CAIXA N° | BICS-PRESIDIO JOAO CHAVES | 13 | N° DE CONTQOLE | ANOIPERIODO | 2025 | OBSERVAÇÃD | NAO FORAM DIGITALZADOS"
"IMG_8262","IMG_8262.jpg","A classificar","","","2018/2019; 2024","","","0.775","5 | ArquivO | 2018/2019 | 83 | CAzuF | Arquivo | NovaOnda | -ácil | NavaOnda' | Contem | PROIEIOHESbcs | 26 | CALLAN | BCS | 2024 | E4.P2 | 64 | CAXAN | F | 98"
"IMG_8263","IMG_8263.jpg","A classificar","","","","","","0.635","ROEDOEAPRASNCxÃOECUA | RQ00 | Data | mgoMaCRAEriOADO | ROGRE0MRE | Contém: | barais | 9/27ONEt | ARRCECacM | CAXANF | PDECONTIROLE | 16 | M5"
"IMG_8264","IMG_8264.jpg","Sala Instituto de Identificacao","2; 3; 4; 5; 6; 1966; 7; 8","102.103; 105.106; 100.000; 101.999; 102.000; 103.999; 104.000; 104.999","1966; 1967; 1968; 1970; 1969","","","0.861","91.100300 | 9233 | 93.94 | 96.97 | Referência | Referêncía | Refarénola | Referinclan | 0 | Referéncla | PERICIA DO RIO GRANDE DO NORTE | INSTITUTO TÉCNICO-CIENTIFICO DE | PERICIA DO RIO GRANDE DO NORTE | INSTITUTO TÉCNICO-CIENTÍFICO DE | anTUTOSETOR NSTUTO DE ICENTPICAÇAO | INSTITUTO TÉCNICO-CIENTIFICO DE | PERICIA DO RIO GRANDE DO NORTE | PERICIA DO RIO GRANDE DO NORTE | INSTITUTO TÉCNICO-CIENTÍFICO DE | CLASSIFICAÇÃO | DENmpCAÇAD cIvis | INSTITUTO/SETOR | NSTTUTO DEIDENTFICAÇAO | CLASSIPICAÇÃO | NSTITUTO/SETOA | NSTITUTO DEIDENTIFICAÇÃO | INSTITUTOsETOR | NSTTUTO DE IGENTnCAÇAO | PERICIA DO RIO GRANDE DO NORTE | INSTITUTO TÉCNICO-CIENTIFICO DE | IDENTIPICAÇÃO CIVL | MENTO | DOCDENTo | CLASSIFICAÇÃO | IDENTFICAÇÃo CIVL | CLASSIFICAÇÃO | CENTFICAÇÃO CVIL | INSITUTOsETOR | PERICIA DO RIO GRANDE DO NORTE | CAIXA N° | PRONTUARIO DE IDENTIPICAÇÃO | Do DENTo | DooDENTo | CLASsFIGAÇAO | INSTITUTO DE IDENTPICAÇAD | PRONTUARNO DE IDENTIFICAÇÃO | PRONTUARIG DE IDENTPIGAÇAO | NSTTUTOISETOR | wSTm/To ce pENTPCAÇAD | 1 | CAIXA N° | becsioTo | DENTIFICAÇÃO CNL | 2 | CLASSPICAÇÃD | CAIXAN° | CAIXAN° | CENTPIGAÇkG CVL | N° | 3 | 4 | P | DOODENTo | 90.200/90.999 | No | CAIXA N° | 91.000/91.999 | N° | N° | 5 | CAIXA N° | 6 | ANDIPERICDO | 1966 | 92.000/92.999 | 93.000/93.999 | OnsERVACAO: Ag | ANOIPERIOOO | 1966 | 94.000/95.999"
"IMG_8265","IMG_8265.jpg","Sala Instituto de Identificacao","23; 19; 20; 21; 22; 24; 25; 26","124.125; 129.130; 124.000; 124.999; 129.000; 129.999; 125.000; 125.999","1970; 1971","","","0.812","Departamento | Arqulvar até: | Data: | Local: | NCBAU | Juea | abanr! | Raiyeart | 124.125 | J25.126 | 129.130 | Referéncia | Raferência | teferència | Referência | 13Q | INSTITUTO TÉCNICO-CIENTIFICO DE | INSTITUTO TÉCNICO-CIENTÍFICO DE | PERICIA DO RIO GRANDE DO NORTE | INSTITUTO TÉCNICO-CIENTÍFICO DE | PERICIA DO RIO GRANDE DO NORTE | PERICIA DO RIO GRANDE DO NORTE | INSTITUTO TÉCNICO-CIENTÍFICO DE | NSTTUTOMETOR INSTITUTO DE DENTAICAÇÃO | PERICIA DO RIO GRANDE DO NORTE | INSTITUTO TÉCNICO-CIENTÍFICO DE | INSTITUTO/SETOR | INSTTUTO DE IDENTIFICAÇÃO | INSTITUTO TÉCNICO-CIENTÍFICO DE | NSTUTOSETOR | w$TITUTO DE IDENTIFICAÇÃO | STITUTOsETOR | INSTITUTO CE DENTFIÇAÇÃO | PERICIA DO RIO GRANDE DO NORTE | CLASSIFICAÇÃO | PERICIA DO RIO GRANDE DO NORTE | CLASSIFICAÇÃO | IDENTIICAÇÃO CVIL | CLASSIFICAÇÃO | IDENTPCAÇÃo CVL | CLASSFICAÇÃO | INSTTUT0rnETOR | NSTITUTO DE DENTIFICAÇÃO | IDENTIFICAÇÃo CIVL | IDENTIFICAÇÃO CIVL | NSTITUTOSETOR | INSTITUTODE IDENTIPICAÇÃO | CLASSIFICAÇÃO | DENTIFICAÇÃO CIVIL | DCODRENTo | TIPO DE | PRONTUAIO DE IDENTPICAÇÃO | TIPODE | PRONTUÁRO DE IDENTIFICAÇÃO | PRONTUARID DE IDENTPICAÇÃO | CLASSIFICAÇÃO | DOCUMENTO | IDENTFICAÇAo CIVL | DOCUMENTO | CAIXA N° | CVL | CAIXAN° | OOUETo | CAIXA N° | 23 | TIPO DE | DOCUMENTO | PRONTLARIO DE IDENTFICAÇAO | 19 | 20 | CAIXAN° | 21 | CAIXA N° | 22 | CAIXAN° | N° | 24 | NO | N° | N°"
"IMG_8266","IMG_8266.jpg","Sala Instituto de Identificacao","75; 77; 76; 73; 74; 72; 2006; 2007","900.000; 949.999; 950.000; 999.999; 000.000; 049.999; 800.000; 849.999","2006""C""; 2006; 2007; 2006“ A ""; 2006""B""; 2005; 2008; 2009","","","0.857","2302-1o | PERICIA DO RIO GRANDE DO NORTE | INSTITUTO TECNICO-CIENTIFICO DE | PERI | INST | asnTVTosETOR | wsTTvTo DE DENTncAÇAO | PERICIA DO RIO GRANDE DO NORTE | NsTryroMTOR | NSTTUTO DE DENTRICAÇkO | INITTUTO DE DENTPCAÇAO | DENTancAÇÃo CNL | NSTTUTO | INSTTUTO TÉCNICO-CIENTiFICO DE | CLAssinCAÇAO | DENTnCAÇÃo cVL | NanrvToteTom | CLASSFICAÇÃO | CLASSFg | PERICIA DO RIO GRANDE DO NORTE | PERICIA DO RIO GRANDE DO NORTE | ooeNTto | LISTA DE CONTROLE | CLAsSRICAÇÃO | DENFriCAÇkO CNL | BOCDENTo | LSTA DE CONTROLE | BoODELN | PERICIA DO RIO GRANDE DO NORTE | aSTTvToDE oEmrcaçko | UMERA VA DA ICEA | DOCDENTo | LSTA DE CONTROLE | DENTIFICAÇAO CIVL | MEIRA VIA DA DENTCADE | NoTIt/TO ceDENTICAÇAO | DENTPcAÇAO CIVL | CLASSFCAÇÃO | CAIXA N° | 75 | MFIRA VA DA IDENTIDACE | CAIXA N° | 77 | CAIX | Nnm0s2104 | CLASSRCAÇAO | iDEsmrcAçAo cvL | LISTA DE CONTROLE | SDODENTO | USTA DE CONTROLE | CAIXA N° | 76 | TRCUMENTO | L牌TA DE CONTROLE | RMERA VIA DA OENTOADE | EIRA VIA DA ICENTIDADE | N° | OoMETo | N° | RA VIA OA IDENTDADE | CAIXA N° | 73 | CAIXA N° | 74 | 2.900.000/2.949.999 | N° | 2.950.000/2.999.999 | 3.000.000/3.049.999 | CAIXAN° | 72 | N° | N° | ANOIPERIODO | 2006""C"" | 2006 | 2007 | ANO/ PERIODO | 2007 | DasaN | N°"
"IMG_8267","IMG_8267.jpg","Sala Instituto de Identificacao","90; 94; 91; 92; 93; 95; 96; 99","650.000; 699.999; 850.000; 899.999; 700.000; 749.999; 750.000; 799.999","2015; 2017“B""; 2016; 2017"" A ""; 2017“C""; 2018; 2019; 2020","","","0.85","arquivo | arduivo | ivo | INSTTTUTO TÉCNICO-CIENTÍFICO DE | INSTITUTO TÉCNICO-CIENTÍFICO DE | PERICIADO RIO GRANDE DO NORTE | INSTITUTO TÉCNICO-CIENTIFICO DE | INSTITUTO TÉCNICO-CIENTÍFICO DE | PERICIA DO RIO GRANDE DO NORTE | muOMTOR NSTTUTO DE CENTeCAÇhD | PERICIA DO RIO GRANDE DO NORTE | PERICIA DO RIO GRANDE DO NORTE | INSTITUTO TÉCNICO-CIENTÍFICO DE | INSTITUTO/SETOR | INSTITUTO DE DENTFICAÇÃO | INSTITUTO TÉCNICO-CIENTÍFICO DE | NSTITUTO/BE TOR | INSTUUTO DE IDENTIFICAÇÃO | INSTITVTOsETOR NSTITVTO DE DENTFCAÇÃO | PERICIA DO RIO GRANDE DO NORTE | CLASSIFICAÇÃO | IDENTIFICAÇÃO CIVIL | PERICIA DO RIO GRANDE DO NORTE | CLASSFCAÇÃG | CENTrcACAO CVL | CLASSIPICAÇÃO | DENTPCAÇÃO CIVL | CLASSIFICAÇÃO | IDENTFICAÇÃO CIVL | INSTITUTOISETOR | NSTITVTO DE IDENTFICAÇAO | LISTA DE CONTROLE | NSTVTOdeTOR | INSTITUTO DE IDENTFICAÇÃO | LIBTA DE CONTWOLE | LISTA DE CONTROLE | CLASSIFICAÇÃO | DENTFICAÇÃO CIVIL | DOCUMENTO | TIPO DE | TPO DE | LISTA DE CONTROLE | PRIMEIRA VIA DA IDENTIDADE | CLASSIFICAÇÃO | IDENTIFICAÇAO CIVIL | PRMERA WA DA DENTCADE | DOCUMENTO | RMDRA VIA DA DENTIDADE | DOcuMENTO | IPODE | CAIXA N° | 90 | EMEIRA VIA DA ICENTIOADE | TIPO DE | LISTA DE CONTROLE | DOCUMENTO | CAIXA N° | 94 | OCOMENTIo | LISTA DE CONTROLE | CAIXA N° | 91 | CAIXAN° | 92 | PRIMERA VIA DA IDENTIDADE | CAIXA N° | PRMEIRA VIA DA IDENTIDADE | NO | 93 | N° | CAIXA N° | 95 | 3.650.000/3.699.999 | NO | No | N° | 3.850.000/3.899.999 | 3.700.000/3.749.999 | 3.750.000/3.799.999 | NO"
"IMG_8268","IMG_8268.jpg","Sala Instituto de Identificacao","96; 97; 98; 71; 102; 2022","950.000; 999.999; 000.000; 049.999; 050.000; 099.999; 449.999; 250.000","2018; 2019; 2002; 2004h A; 2004-B""; 2022","","","0.917","NSTITUTO/SETOR | INSTITUTO DE IDENTIFICAÇÃO | PERÍCIA DO RIO GRANDE DO NORTE | PERÍCIA DO RIO GRANDE D | CNICO-CIENT | CLASSIFICAÇÃO | INSTITUTO/SETOR | INSTITUTO/SETOR | IDENTIFICAÇÃO CIVIL | INSTITUTO DE IDENTIFICAÇÃO | CLASSIFICAÇÃO | INSTITUTO DE IDENTIF | TIPO DE | CLASSIFICAÇÃO | DOCUMENTO | LISTA DE CONTROLE | IDENTIFICAÇÃO CIVIL | DENTIFICAÇÃO CIVIL | CAIXA N° | PRIMEIRA VIA DA IDENTIDADE | TIPO DE | TIPO DE | DOCUMENTO | LISTA DE CONTROLE | DOCUMENTO | 96 | LISTA DE CONTROLE | CAIXA N° | PRIMEIRA VIA DA IDENTIDADE | CAIXAN° | PRIMEIRA VIA DA IDENTIDAL | ivo | NO | 97 | 98 | 3.950.000/3.999.999 | NO | ANOIPERIODO | 4.000.000/4.049.999 | No | 2018 | 4.050.000/4.099.999 | ACO-CIENTIFICO DE | BSERVAÇÃO | GRANDE DO NORTE | ANO/PERIODO | TUTO DE DENTIPCAÇÃO | 2018 | ANO / PERÍODO | NTECAÇAD CMA | OBSERVAÇÃO: | 2019 | OBSERVAÇÃO: | 2019 | 电TADECONTROLE | LA VIA DA OENTDADE | 65 | 00.000/2.449.999 | NO | ND PUOCtO | 2002 | 8 | ot | 00.999 | 2004hA | CAIXAN | 71 | 102 | 2760.000/2.749 999 | 4.250.000/4.299.999 | 2004-B"" | 2022"
"IMG_8269","IMG_8269.jpg","Sala Instituto de Identificacao","41; 39; 40; 38; 37; 46; 42; 44","541.000; 599.999; 531.000; 540.999; 521.000; 530.999; 461.000; 520.999","1995 A; 1994; 1993; 1992; 1972; 1996; 1996""C""; 1995B","","","0.861","PERICIA DO RIO GRANDE DO NORTE | INSTITUTO TECNICO-CIENTIFICO DE | INSTITUTO TÉCNICO-CIENTIFICO DE | PERICIA DO RIO GRANDE DO NORTE | armvmoseToe | aaITVTo st DENTesesÃs | PERICIA DO RIO GRANDE DO NORTE | INSTITUTO TÉCNICO-CIENTIFICO DE | nSTITUTO DE IDENTrIcACAo | aatmtosthot | VITImVTO DE cENmrIcAÇÃG | CLASSICAÇÃO | NTRCAÇAO CAL | INSYT/TO DMCENTrICACAD | DENmncaçio cvE | CLASsFICAÇAO | DENTFCAÇÁO CINE | oo DEwroe | LISTA Df COITROLE | PERICIA DO RIO GRANDE DO NORTE | CLASBICAÇkO | DENtncAÇAo Cv | CLAssircecko | Doo ENto | ListA De cONTROLE | MpnM VA Da DENTOAC | LIBTA DE CONTHOLE | SocRENTo | LISTA DE CONROLE | CAIXA N° | 41 | nCAÇAD CNL | EIRA VIA DA IDE | 39 | CAIXA N° | 40 | LASTA DE CONTROLE | CAIXAN° | 38 | CAIXA N° | N° | ooMEATO | RAVA食 | N° | 1.541.000/1.599.999 | CAIXAN* | 37 | N° | N° | .531.000/1.540.999 | ANO/PERIOCO | 1995A | 1.521.000/1.530.999 | 1.461.000/1.520.999 | 1994 | AND PERIOO | 1994 | N° | ANO/PERIODO | 1.400.000/1.460.999 | ANOIPERIOCO | 1993 | AClo | ANOI PERGODO | 1992 | CAO | galycart | Polycart | e | PITEP | E | ESETO DE IDENTICAcÃod) | RRININIEIN | CAIXA N° | TOCUMENTO | LABSIFICAÇÁO | DTVTOSETOR | PENATO O RAOE DO ROR | 157.000/157.999 | DENTIICAÇÃO CIVL"
"IMG_8270","IMG_8270.jpg","Sala Instituto de Identificacao","56; 55; 57; 58; 59; 54; 60; 61","036.000; 057.999; 000.000; 035.999; 258.000; 099.999; 100.000; 129.999","2000.2035; 2030.1; 1998""E""; 1998""D""; 1999; 2000; 1998""C""; 2.160.000/2.1999.999","","","0.837","alyeart | 2olyeart | Dalyeart | Dolyeart | DayeaPt | ESinuTODEIDENDICACÃO) | 2000.2035 | odl00 | 2030.1 | Referència | Reteréncia | INSTITUTO TÉCNICO-CIENTÍFICO DE | INSTITUTO TÉCNICO-CIENTÍFICO DE | PERICIA DO RIO GRANDE DO NORTE | PERICIA DO RIO GRANDE DO NORTE | INSTITUTO TÉCNICO-CIENTÍFICO DE | PERICIA DO RIO GRANDE DO NORTE | INSTITUTO TÉCNICO-CIENTIFICO DE | INSTITUTO TÉCNICO-CIENTIFICO DE | INSTUTOIETCR INATTUTO DE ICENTFICAÇÃO | PERICIA DO RIO GRANDE DO NORTE | PERICIA DO RIO GRANDE DO NORTE | INSTITUTO TÉCNICO-CIENTÍFICO DE | NSTTUTOSETOR | PERICIA DO RIO GRANDE DO NORTE | INSTUTO DE DENTFICAÇAO | CLASSFICAÇÃO | IDENTIFICAÇÃO CIVL | INSTITUTOIsETOR | INSTITUTO DE IDENTFICAÇÃO | CLASSFICAÇÃO | INSTITUTO/sETOR | INSTITUTO DE DENTFICAÇÃO | INSTUTasETOR NSTITVTO Dt DENTFICAÇÃO | CLASSIFICAÇÃO | NSTYFUTOsETOR | WSTUTO DE IDENTIFICAÇÃO | DENTFICAÇÃO CVIL | LISTA DE CONTROLE | DENTIFICAÇÃO CIVL | CLASSIFICAÇÃO | IDENTIFICAÇÁO CIVL | CLASSIFICAÇAO | IDENIPICACAO CIVL | CLASIICAÇÃD | TPO DE | DOCUMENTO | LISTADE CONTROLE | EIRA VIA DA IDENTIDADE | TIPO DE | DOcUMENTO | LISTA DE CONTRDLE | IDENTPICAÇÃO CIVIL | CAIXAN° | PRMEIRA VIA DA IDENTIDADE | OORENTe | LISTA DE CONTROLE | DOCUMENTO | TIPO DE | LISTA DE CONTROLE | CAIXAN° | PRMERA VIA DE IDENTOADE | 56 | CAIXA N° | PRIMEIRA VA DA IDENTIDADE | PRIMEIRA VIA DA IDENTIDADE | LISTA DEL CONTROLE | 55 | 57 | CAIXA N° | 58 | CAIXAN° | 59 | CAIXA N° | PRMEIRA VIA DA CRNTDADE | NO | 54 | No | 2.036.000/2.057.999 | N°"
"IMG_8271","IMG_8271.jpg","Sala do IML","39; 40; 41; 37; 38; 43; 45; 46","155.156; 156.157; 151.152; 152.153; 153.154; 155.000; 155.999; 156.000","1972; 1971","","","0.796","155.156 | 156.157 | 201.a | 151.152 | 152.153 | 153.154 | Rutukncia | Riteriacia | Referéncia | 8 | wsTTUTO rECN | NSTTUTO TECNICOCENTPCO DE | ERTIA DO RIO GMANDE DO NORTE | PERICIA DO RIO GEANDE DO NORTE | o | PERCIA DO RO GIANGE DO NORTE | CIA DO RIO GRANDE DO NORTE | -m/r9P0R | CTuFs pe nemgEALAo | PoDENIo | LACAO | mVIO DELDENTrcachc | yTg DE GENTrcagAo | LANsFCACAO | caçAe | cAcig | ASBPCacAg | CACAecin | paa | acAa CW | CACAO-CNs | oO SENTo | TrO GENTo | CAIXAN° | CAIXAN* | 39 | CAIXAN° | 40 | CAIXAN' | CAIXAN* | CADXAN* | 41 | 37 | 38 | 201.00 | h | 155.000/155.999 | 156.000/156.999 | N° | N | N° | 153.000/154.999 | 152.000/152.999 | AMNOIPENIODO | 1972 | 151.000/151.999 | 1971 | ANOIPERIODO | 1972 | 1971 | ANO/PIRID00 | ANO/PEnicbc | SA | 1971 | Botreart | patyeart | RRlycart | pSTTTUIOe DENTEMkon | 358.159 | J59.560 | 365.162 | 163.164 | Releréncis | Referêncla | Refaréneia | Referéncla | Reterbncia | 8 | 8 | 3"
"IMG_8272","IMG_8272.jpg","A classificar","49; 50; 51; 52; 48; 53; 1972; 56","158.000; 158.999; 159.000; 159.999; 161.000; 162.999; 163.000; 163.999","1972; 1973; 1974","","","0.785","158.000/158.999 | 159.000/159.999 | 1972 | 161.000/162.999 | AND/PE6000 | 163.000/163.999 | ANOIPERGOO | 1972 | ANOIPERIODO | 1972 | ANO/PERIODO | 1972 | 1972 | BsERVCÃG: Ap | KDA | Dalyeart | Bniyeapt | BRtyart | Dayeat | PemEIODEDEATor scio | 166367 | 367.168 | 170.173 | Reterènia | Referência | Referéneia | B | Arquivo | 8 | Referéecia | INSTTUTO TÉCHICO-CIENTIWICO DE | D | INSTITUTO TÉCNICO-CIENTFICO DE | INSTITUTO TÉCNICO-CIENTIFICO DE | PERICIA DO RIO GRANDE DO NORTE | PERICIA DO RIO GRANDE DO NORTE | PERICIA DO RIO GRANDE DO NORTE | INSTITUTO TÉCNICO-CIENTiFICO DE | PERICIA DO RIO GRANDE DO NORTE | INSTITU | snmuTonetce | GtnUrO5ETOR | mo pE DENmrcAçig | NSTPuTosEToe | NETTUTO DE DENrncAÇÃo | INSTITUTO TÉCNICO-CIENTFICO DE | PERICIA | CLASIFGAÇÃD | TVTO DE GENTRCACkO | INSTITUTO TÉCNICO-CIENTiFICO DE | MTVToMET0e | CLAsSPIGAÇAD | STITuTO DE DENmrcAÇko | CLASSFIGAÇÃD | CLAMNCAÇÃO | ENTICAÇko cM | PERÍCIA DO RIO GRANDE DO NORTE | uroseroa | TrCAciGOVL | PERICIA DO RIO GRANDE DO NORTE | FEAcko CVL | oDENo | seo u ao | NETITyTO DE DENTVCAÇÃo | LASSFiCAÇAO | NTuARIG DE GENTICAÇAD | awrmyto8T0e | sTmVTO DE ICENTPCAÇiG. | sEane | sONtudto DE DENTACAgÃo | CLASSRICAÇAG | moETpR | E4T0 | CAIXAN° | 49 | GLASSFCAÇÃG | TWcaÇÃo CIVE | CAIXA N° | 50 | CAIXA N°"
"IMG_8273","IMG_8273.jpg","A classificar","41; 72; 73; 76; 1973; 77; 78; 80","956.157; 201.202; 156.000; 156.999; 201.000; 201.999; 202.000; 202.999","1973; 1972; 1974; 207208","","","0.77","956.157 | 201.202 | 202 | 203 | all | Referiocia | 2.04.205 | 8 | Referéncis | aferiia | INSTITUTO TÉCNICO-CIENTFCO DE | 8 | Feferinta | PERICIA DO | D GRANDE DO NORTE | roesoa | 0 | CAÇAo | atho ts | Theaçao | NSTIFUTO TÉC | EWNN | oENro | oewo | Assnckcka | nu9xros | VTEIEENNCREACks | Acika cNs | INSTITUTO TÉCN | CAIXAN° | CADXAN | PERICIA DO RID GR | 41 | 72 | olseo | p0 06EaTo | srcacis | AstrcaCho | HICIA DO RO GRANDE DO | NauTU9 | CAIXAN* | cACks | es tars | 156.000/156.999 | N | 201.000/201.999 | 73 | CADXAN° | 74 | CADXAN | 1973 | 202.000/202.999 | 75 | 1972 | CAIXAN | 203.000/203.999 | 76 | CADXAN | 1973 | 204.000/204.9% | 77 | 1973 | 205.00120 | CADAN | EK | 1073 | 031706.999 | 1974 | 236 | Rayeart | Raiycart | Rebyeart | Raycart | Baycart | Aaycart | 163.164 | 207 | 207208 | 2o82e8 | 2.09.210"
"IMG_8274","IMG_8274.jpg","Sala Instituto de Identificacao","90; 91; 92; 93; 94; 95; 100; 101","219.220; 220.221; 221.222; 222.223; 224.000; 224.499; 218.000; 218.999","1974; 1972; 2002-2; 1975","","","0.812","219.220 | 220.221 | 221.222 | 222.223 | 224225 | Referência | Referência | Referência | Referência | Retaréncia | INSTITUTO TÉCNICO-CIENTÍFICO DE PERICIA | INSTITUTO TÉCNICO-CIENTÍFICO DE | INSTITUTO TÉCNICO-CIENTIFICO DE | INSTITUTO TÉCNICO-CIENTIFICO DE | INSTITUTO TÉCNICO-CIENTIFICO DE | INSTITUTO TÉCNICO-CIENTIFICO DE | DO RIO GRANDE DO NORTE | PERICIA DO RIO GRANDE DO NORTE | PERICIA DO RIO GRANDE DO NORTE | PERICIA DO RIO GRANDE DO NORTE | PERICIA DO RIO GRANDE DO NORTE | PERICIA DO RIO GRANDE DO NORTE | STITUTOSETOR | NITITUTO DR IDENTPICAÇAO | NSTTUTOSETOR INSTITUTO DE DENTFICAÇÃO | NSTTUTOSETOR INSTTUrO DE DENTFICAÇÃO | NSTTUrOSETOR MSTTUTO DE DENTUIcAÇÃO | INSTUTOSETOR | NSTITUTO DE DENTICAÇÃO | NSTTUTosETOR | NSTITUTO DEDENTPICAÇÃO | LASSIFICAÇÃG | IDENTIFIGAÇÃO CINL | CLASSFICAÇÃO | CLASSIFICAÇÃO | CLASSFICAÇÃO | CLASSFICAÇÃO | DENTICAÇÃO CIE | CLA8SFICAÇÁo | CENTWICAÇAO cIVa | DENTRICAÇAO CIVIL | IDENTIFICAÇÃO CIVIL | IDENTIFICAÇÃo CIVE | TIPO DE DOCUMENTO | PRIONTUÁRIO DE IDENTPICAÇÃO | BoDENTo | oo DENTo | DOCUMENTO | TIPO DE | POCUMENTO | PO DE | LASTA DE CONTROLE | PRONTUARO DE IDENTIFICAÇÃO | PRONTUÁRIO DE IDENTIFICAÇÃO | VE | ONTUÁRO DE IDENTIFICAÇÃO | cnNL | CAIXA N° | CAIXA N° | PRMCIRA VIA DA IDENTDADE | CAIXAN° | 90 | CAIXAN° | 91 | CAIXAN° | 92 | CAIXA N° | 93 | 94 | 95 | NO | N° | No | N° | No | 224.000/224.499 | No | 218.000/218.999 | 219.000/219.999 | 220.000/220.999"
"IMG_8275","IMG_8275.jpg","Sala Instituto de Identificacao","2","","16/09/2025; [Período de 2020-2025","Arquivo Geral","","0.965","N° CAIXA | *É obrigatório o preenchimento de todos os campos do protocolo (se aplicáveis). | INSTITUTO -REGIONAL- ASSESSORIA | w | 2 | RESPONSÁVEL PELA ELABORAÇÃO | CAMPOS CHAVE PARA PESQUISA | DOCUMENT | QUANT.DE | (unidade) | CAIXA | O POR | CONTATO DO SETOR OU | NÚMERO DE CONTROLE | DATA DE GERAÇÃO | NÚCLEO DE GESTÄO DO CONHECIMENTO, INFORMAÇÃO, DOCUMENTAÇÃO E MEMÓRIA- NUGECID | PERÍODO/DATA | RESPONSÁVEL | PROTOCOLO DE CONTROLE DE DOCUMENTOS ARQUIVÍSTICOS FÍSICOS | INFORMAÇÃO TECNICA | TIPO DE DOCUMENTO | SETOR | OFÍCIOS E BICS | SECRETARIA DE SEGURANÇA PÚBLICA E DEFESA SOCIAL | OFICIOS | 16/09/2025 | [Período de 2020-2025 | Relatório de Protocolo de Documentos Arquivados] | JOSETE DE OLIVEIRA LOPES | (84)99461-9569 | SETOR OPERACIONAL DE IDENTIFICAÇÃO | INSTITUTO DE IDENTIFICAÇÃO | GOVERNO DO ESTADO DO RIO GRANDE DO NORTE | INSTITUTO TÉCNICO CIENTÍFICO DE PERÍCIA | ARQUIVO GERAL- ITEP | ID. CRIMINAL E COMP. | ID.CRIMINALE COMP. | DOCUMENTO/NOME DO | ID. CRIMINAL E COMP. | PAPILOSCÓPICA | PAPILOSCÓPICA | DESCRIÇÃO DO | INDIÍVDUO | NUMERAÇÃO DE | CONTROLE | OBSERVAÇÃO"
"IMG_8276","IMG_8276.jpg","A classificar","","","(PROJETOS) - 2024; (PROJETO)- 2024; (PROJETOS)- 2024; DIVERSOS -2025; (PROJETO) - 2024; CH A VES -2025","","Livros","0.919","战8亿究纪忆亿亿W6849引a | a | 0 | 0 | 6 | 8 | un | DOCUMENTOS E OFÍCIOS | OFÍCIOS E ALGUNS BICS | LIVROS DE OCORRÊNCIA | OFÍCIOS E ANEXOS | OFÍCIOS | OFÍCIÓS | OFÍCIOS | BICS | BIC | BICS | BIC | BICS | ID. | ID.CRIMIAL E COMP. | ID. | ID. CRIMINAL E COMP. | BICS PRESÍDIO JOÃO | 6 | .CRIMINAL E COMP | PAPILOSCÓPICA | CRIMINAL E COMP. | PAPILOSCÓPICA | PAPILOSCÓPICA | REGISTROS DE ID. | (PROJETOS) - 2024 | (PROJETO)- 2024 | (PROJETO)- 2024 | BICS PRESÍDIO | (PROJETOS)- 2024 | BICS PRESÍDIO | PAPILOSCÓPICA | CRIMINAL E COMP. | PAPILOSCÓPICA | PAPILOSCÓPICA | CRIMINAL E COMP. | PAPILOSCÓPICA | DIVERSOS -2025 | (PROJETO) - 2024 | BICS PRESÍDIO | BICS PRESÍDIO | CHAVES -2025 | BICS PRESÍDIO"
"IMG_8277","IMG_8277.jpg","A classificar","","","","","","0.841","ASSINATURA DO RESPONSÁVEL | [Ex.30] | dooyil | LOCAL | JATA | DATA16y_SETEHBLO | 202s"
"IMG_8278","IMG_8278.jpg","A classificar","","","","","","0.74","PAPLoScofisTA"